COUNTY,K_count_1991,K_count_1992,K_count_1993,K_count_1994,K_count_1995,K_count_1996,K_count_1997,K_count_1998,K_count_1999,K_count_2000,K_count_2001,K_count_2002,K_count_2003,K_count_2004,K_count_2005,K_count_2006,K_count_2007,K_count_2008,K_count_2009,K_count_2010,K_count_2011,K_count_2012,K_count_2013,K_count_2014,K_count_2015,K_count_2016,K_count_2017,K_count_2018,K_count_2019,K_med1990,K_med1991,K_med1992,K_med1993,K_med1994,K_med1995,K_med1996,K_med1997,K_med1998,K_med1999,K_med2000,K_med2001,K_med2002,K_med2003,K_med2004,K_med2005,K_med2006,K_med2007,K_med2008,K_med2009,K_med2010,K_med2011,K_med2012,K_med2013,K_med2014,K_med2015,K_med2016,K_med2017,K_med2018,K_med2019,P_count_1990,P_count_1991,P_count_1992,P_count_1993,P_count_1994,P_count_1995,P_count_1996,P_count_1997,P_count_1998,P_count_1999,P_count_2000,P_count_2001,P_count_2002,P_count_2003,P_count_2004,P_count_2005,P_count_2006,P_count_2007,P_count_2008,P_count_2009,P_count_2010,P_count_2011,P_count_2012,P_count_2013,P_count_2014,P_count_2015,P_count_2016,P_count_2017,P_count_2018,P_count_2019,P_med1990,P_med1991,P_med1992,P_med1993,P_med1994,P_med1995,P_med1996,P_med1997,P_med1998,P_med1999,P_med2000,P_med2001,P_med2002,P_med2003,P_med2004,P_med2005,P_med2006,P_med2007,P_med2008,P_med2009,P_med2010,P_med2011,P_med2012,P_med2013,P_med2014,P_med2015,P_med2016,P_med2017,P_med2018,P_med2019,0
ADAIR,1,3,1,1,11,19,18,6,9,10,15,12,2,2,8,25,11,5,3,6,3,3,4,2,3,4,4,1,1,0,234,193,94,193,255,120,228,174,259,232,230,224,198,146,306,246,237,256,264,190,348,251,284,268,159,238,230,1559,484,0,1,3,1,1,11,19,18,6,9,10,15,12,2,2,8,25,11,5,3,6,3,3,4,2,3,4,4,1,1,0,16,29,16,26,173,82,178,64,143,173,98,116,224,64,170,114,118,105,117,92,202,47,116,38,115,264,33,539,215,0
ALLEN,5,0,10,6,7,3,4,0,2,0,1,2,6,6,9,12,4,10,1,2,1,12,1,1,4,11,8,3,5,236,220,0,225,209,334,335,218,0,238,0,263,184,128,256,215,265,342,186,190,178,741,176,196,314,220,205,229,250,671,15,5,0,10,6,7,3,4,0,2,0,1,2,6,6,9,12,4,10,1,2,1,12,1,1,4,11,8,3,5,39,107,0,60,39,98,78,88,0,80,0,132,26,19,70,117,88,117,104,120,39,53,66,138,94,77,119,43,93,192,0
ANDERSON,1,1,0,0,0,1,0,0,0,1,0,1,0,2,1,0,0,7,0,3,0,5,0,3,1,12,16,15,1,0,156,336,0,0,0,497,0,0,0,397,0,182,0,126,151,0,0,431,0,313,0,263,0,154,189,244,280,226,122,0,1,1,0,0,0,1,0,0,0,1,0,1,0,2,1,0,0,7,0,3,0,5,0,3,1,12,16,15,1,0,265,173,0,0,0,24,0,0,0,154,0,86,0,50,149,0,0,157,0,62,0,368,0,232,36,180,414,69,270,0
BALLARD,11,5,13,19,13,22,23,31,46,18,44,32,21,29,1,16,0,31,4,2,0,11,3,2,1,1,1,0,1,304,250,224,261,248,272,242,243,264,290,198,245,196,231,222,99,176,0,219,252,377,0,230,224,256,202,186,316,0,137,35,11,5,13,19,13,22,23,31,46,18,44,32,21,29,1,16,0,31,4,2,0,11,3,2,1,1,1,0,1,77,51,67,86,66,59,87,68,68,76,48,54,56,48,61,180,43,0,57,70,186,0,67,80,82,63,39,74,0,58,0
BARREN,6,11,7,33,41,7,6,0,5,7,10,5,6,2,6,2,4,4,3,4,0,3,5,1,11,1,4,2,3,297,435,286,406,241,273,287,205,0,252,223,140,236,228,218,399,314,121,296,260,403,0,577,200,162,240,241,212,198,280,11,6,11,7,33,41,7,6,0,5,7,10,5,6,2,6,2,4,4,3,4,0,3,5,1,11,1,4,2,3,145,137,82,131,52,61,116,56,0,85,71,79,72,122,26,192,128,40,160,111,246,0,339,34,64,94,128,50,63,23,0
BATH,1,18,1,11,11,2,0,11,0,0,0,0,1,0,3,0,12,0,0,2,1,2,2,0,0,1,0,0,0,187,217,278,345,344,273,366,0,236,0,0,0,0,171,0,129,0,124,0,0,170,303,296,160,0,0,343,0,0,0,6,1,18,1,11,11,2,0,11,0,0,0,0,1,0,3,0,12,0,0,2,1,2,2,0,0,1,0,0,0,22,53,107,112,133,126,180,0,109,0,0,0,0,101,0,33,0,26,0,0,82,441,96,24,0,0,142,0,0,0,0
BELL,0,0,0,0,0,0,0,0,0,0,0,0,0,0,0,0,0,0,0,0,1,0,0,0,0,0,0,1,0,0,0,0,0,0,0,0,0,0,0,0,0,0,0,0,0,0,0,0,0,0,119,0,0,0,0,0,0,209,0,0,0,0,0,0,0,0,0,0,0,0,0,0,0,0,0,0,0,0,0,0,1,0,0,0,0,0,0,1,0,0,0,0,0,0,0,0,0,0,0,0,0,0,0,0,0,0,0,0,0,0,44,0,0,0,0,0,0,70,0,0
BOONE,10,0,10,3,5,12,6,7,11,7,11,9,9,11,6,5,7,5,6,2,12,18,19,5,3,5,9,6,10,278,238,0,284,282,317,240,248,279,307,226,278,230,229,246,224,252,267,305,370,350,238,216,132,229,211,176,357,244,232,7,10,0,10,3,5,12,6,7,11,7,11,9,9,11,6,5,7,5,6,2,12,18,19,5,3,5,9,6,10,185,30,0,142,105,192,112,76,103,22,70,126,137,34,44,84,62,66,106,97,98,70,92,55,107,146,161,110,108,34,0
BOURBON,1,5,0,19,44,37,25,15,24,8,8,7,10,3,14,14,26,15,2,43,25,27,12,14,5,4,7,1,12,275,244,431,0,270,354,252,280,315,326,231,454,398,407,399,338,448,292,302,332,347,199,242,202,206,357,206,245,337,213,13,1,5,0,19,44,37,25,15,24,8,8,7,10,3,14,14,26,15,2,43,25,27,12,14,5,4,7,1,12,121,25,381,0,355,170,188,235,67,294,416,254,78,109,83,63,146,104,263,193,87,81,141,56,58,58,52,80,59,76,0
BOYD,0,4,2,0,0,1,1,0,2,1,2,0,3,0,10,15,1,1,3,1,1,0,1,3,1,2,0,0,0,0,0,158,230,0,0,211,300,0,180,268,519,0,247,0,166,177,193,229,297,305,179,0,312,170,205,178,0,0,0,0,0,4,2,0,0,1,1,0,2,1,2,0,3,0,10,15,1,1,3,1,1,0,1,3,1,2,0,0,0,0,0,32,283,0,0,23,9,0,33,94,32,0,28,0,10,25,6,37,30,47,10,0,104,97,8,16,0,0,0,0
BOYLE,0,19,14,17,49,0,0,1,0,0,1,0,0,8,11,3,4,12,7,12,0,18,4,6,2,6,0,6,7,307,0,226,260,328,249,0,0,197,0,0,216,0,0,192,234,430,226,254,180,200,0,167,152,325,148,112,0,219,287,5,0,19,14,17,49,0,0,1,0,0,1,0,0,8,11,3,4,12,7,12,0,18,4,6,2,6,0,6,7,64,0,54,64,160,80,0,0,133,0,0,41,0,0,442,95,245,890,548,499,222,0,580,75,444,64,120,0,255,76,0
BRACKEN,0,0,0,0,0,0,0,0,0,0,0,0,0,1,0,0,3,0,2,0,1,1,4,2,0,0,0,2,2,0,0,0,0,0,0,0,0,0,0,0,0,0,0,173,0,0,330,0,161,0,288,297,312,224,0,0,0,260,206,0,0,0,0,0,0,0,0,0,0,0,0,0,0,1,0,0,3,0,2,0,1,1,4,2,0,0,0,2,2,0,0,0,0,0,0,0,0,0,0,0,0,0,0,80,0,0,455,0,134,0,94,104,114,50,0,0,0,102,96,0
BREATHITT,0,0,0,0,0,0,0,0,0,0,0,0,0,0,0,0,0,0,1,0,0,0,0,0,0,1,1,4,0,0,0,0,0,0,0,0,0,0,0,0,0,0,0,0,0,0,0,0,94,0,0,0,0,0,0,142,311,177,0,0,0,0,0,0,0,0,0,0,0,0,0,0,0,0,0,0,0,0,1,0,0,0,0,0,0,1,1,4,0,0,0,0,0,0,0,0,0,0,0,0,0,0,0,0,0,0,0,0,27,0,0,0,0,0,0,86,24,19,0,0
BRECKINRIDGE,3,6,9,2,15,32,10,12,7,11,5,26,1,8,19,20,15,16,48,17,24,117,293,95,44,42,17,19,8,0,387,221,365,335,308,296,318,308,154,274,257,249,249,223,201,244,185,198,277,191,229,215,228,231,276,226,244,230,172,0,3,6,9,2,15,32,10,12,7,11,5,26,1,8,19,20,15,16,48,17,24,117,293,95,44,42,17,19,8,0,107,56,36,141,61,60,72,73,20,75,42,41,68,106,81,65,48,29,71,58,56,76,61,63,88,44,49,71,36,0
BULLITT,6,22,35,5,19,4,0,31,5,1,20,5,1,1,0,0,11,0,3,3,2,5,4,1,0,22,1,0,0,241,230,198,272,262,270,283,0,265,469,306,299,282,149,163,0,0,242,0,201,127,322,146,358,92,0,242,444,0,0,13,6,22,35,5,19,4,0,31,5,1,20,5,1,1,0,0,11,0,3,3,2,5,4,1,0,22,1,0,0,54,47,44,79,92,70,20,0,58,50,23,48,189,17,13,0,0,41,0,77,30,32,31,116,9,0,62,98,0,0,0
BUTLER,1,1,8,3,2,6,0,1,0,0,1,0,1,2,1,0,1,1,4,1,1,1,2,2,1,7,0,2,0,207,97,182,228,161,342,201,0,305,0,0,309,0,217,250,165,0,381,166,98,99,108,123,210,133,107,181,0,155,0,1,1,1,8,3,2,6,0,1,0,0,1,0,1,2,1,0,1,1,4,1,1,1,2,2,1,7,0,2,0,29,16,24,78,26,180,70,0,36,0,0,180,0,5,94,9,0,238,23,22,12,15,126,10,40,104,26,0,5,0,0
CALDWELL,26,14,13,18,16,12,25,13,12,5,4,8,0,12,124,81,115,28,72,84,111,191,9,75,4,110,0,1,0,292,352,368,368,298,269,285,274,281,133,237,336,220,0,166,198,249,155,246,272,290,266,252,202,225,200,211,0,210,0,25,26,14,13,18,16,12,25,13,12,5,4,8,0,12,124,81,115,28,72,84,111,191,9,75,4,110,0,1,0,49,40,70,60,36,34,52,41,53,35,22,248,59,0,36,32,46,32,50,50,67,58,63,34,81,18,48,0,32,0,0
CALLOWAY,16,46,21,3,27,28,24,15,25,7,3,20,13,20,14,8,7,2,1,1,1,0,0,13,1,0,0,0,2,326,394,312,290,384,389,264,292,419,250,279,308,320,228,262,270,256,160,308,220,168,233,0,0,216,348,0,0,0,284,50,16,46,21,3,27,28,24,15,25,7,3,20,13,20,14,8,7,2,1,1,1,0,0,13,1,0,0,0,2,87,102,73,70,63,96,63,73,147,88,100,57,70,78,58,52,58,24,194,40,82,4,0,0,51,157,0,0,0,16,0
CAMPBELL,1,1,13,0,4,1,19,2,0,0,4,5,2,0,1,1,3,0,0,0,0,1,1,0,0,2,0,0,0,0,151,234,208,0,270,268,259,233,0,0,348,160,248,0,228,166,292,0,0,0,0,341,278,0,0,205,0,0,0,0,1,1,13,0,4,1,19,2,0,0,4,5,2,0,1,1,3,0,0,0,0,1,1,0,0,2,0,0,0,0,43,64,50,0,62,120,82,32,0,0,92,53,170,0,112,284,155,0,0,0,0,82,68,0,0,26,0,0,0,0
CARLISLE,27,19,98,9,8,4,2,16,13,16,19,4,1,0,0,5,1,5,1,11,6,13,5,2,0,2,0,0,0,256,294,319,320,283,308,296,204,300,220,384,297,216,919,0,0,147,226,263,153,228,372,306,165,181,0,142,0,0,0,22,27,19,98,9,8,4,2,16,13,16,19,4,1,0,0,5,1,5,1,11,6,13,5,2,0,2,0,0,0,78,77,83,104,57,81,56,76,76,69,104,66,70,919,0,0,25,48,101,40,79,135,144,120,200,0,49,0,0,0,0
CARROLL,0,1,1,1,0,0,0,0,1,0,0,0,0,0,4,0,1,3,0,0,0,0,0,0,0,0,2,0,1,0,0,224,441,659,0,0,0,0,289,0,0,0,0,0,271,0,263,217,0,0,0,0,0,0,0,0,287,0,203,0,0,1,1,1,0,0,0,0,1,0,0,0,0,0,4,0,1,3,0,0,0,0,0,0,0,0,2,0,1,0,0,82,189,480,0,0,0,0,300,0,0,0,0,0,362,0,228,103,0,0,0,0,0,0,0,0,92,0,197,0
CARTER,0,1,3,0,0,0,0,0,0,0,4,0,0,0,2,1,3,2,1,0,0,0,1,0,8,0,0,1,0,0,0,330,235,0,0,0,0,0,0,0,305,0,0,0,172,117,240,280,183,0,0,0,140,0,226,0,0,127,0,0,0,1,3,0,0,0,0,0,0,0,4,0,0,0,2,1,3,2,1,0,0,0,1,0,8,0,0,1,0,0,0,104,64,0,0,0,0,0,0,0,206,0,0,0,90,10,86,317,122,0,0,0,28,0,76,0,0,87,0,0
CASEY,13,0,3,0,7,9,1,2,2,0,3,0,0,0,0,0,0,8,11,10,1,2,1,13,2,3,2,0,0,318,249,0,274,0,206,198,168,194,124,0,202,0,0,0,0,0,0,248,255,296,265,512,195,175,200,241,181,0,0,5,13,0,3,0,7,9,1,2,2,0,3,0,0,0,0,0,0,8,11,10,1,2,1,13,2,3,2,0,0,126,69,0,46,0,153,54,95,62,32,0,42,0,0,0,0,0,0,67,130,158,536,792,110,35,110,221,120,0,0,0
CHRISTIAN,17,74,15,10,20,23,81,58,10,0,11,3,3,4,1,0,8,1,2,15,4,8,3,3,0,23,0,12,3,350,362,392,326,370,374,320,321,250,353,0,328,265,187,318,388,0,217,532,252,355,182,380,462,189,0,240,0,304,361,34,17,74,15,10,20,23,81,58,10,0,11,3,3,4,1,0,8,1,2,15,4,8,3,3,0,23,0,12,3,87,80,48,79,71,72,72,62,59,76,0,47,86,43,102,180,0,60,19,22,170,72,146,146,16,0,68,0,402,107,0
CLARK,0,0,2,1,6,13,17,2,1,1,0,0,1,1,0,1,2,3,0,0,4,2,3,3,0,0,0,0,0,249,0,0,340,387,340,341,272,286,250,806,0,0,440,460,0,535,344,545,0,0,475,346,256,399,0,0,0,0,0,2,0,0,2,1,6,13,17,2,1,1,0,0,1,1,0,1,2,3,0,0,4,2,3,3,0,0,0,0,0,38,0,0,418,311,78,171,162,80,92,536,0,0,474,31,0,42,98,359,0,0,84,62,38,115,0,0,0,0,0,0
CLAY,0,0,2,1,0,0,0,0,0,0,2,0,0,0,0,0,0,0,0,0,0,0,0,0,0,1,1,0,11,0,0,0,118,128,0,0,0,0,0,0,190,0,0,0,0,0,0,0,0,0,0,0,0,0,0,173,133,0,244,0,0,0,2,1,0,0,0,0,0,0,2,0,0,0,0,0,0,0,0,0,0,0,0,0,0,1,1,0,11,0,0,0,12,35,0,0,0,0,0,0,31,0,0,0,0,0,0,0,0,0,0,0,0,0,0,150,142,0,112,0
CLINTON,1,5,0,3,0,0,1,0,0,1,3,5,1,2,1,1,8,1,7,7,6,1,5,5,4,2,9,6,3,138,152,120,0,148,0,0,557,0,0,191,292,236,158,90,290,93,264,253,362,368,232,234,311,509,234,161,262,168,148,1,1,5,0,3,0,0,1,0,0,1,3,5,1,2,1,1,8,1,7,7,6,1,5,5,4,2,9,6,3,103,39,31,0,56,0,0,482,0,0,171,235,191,105,16,248,21,106,285,252,226,77,190,163,169,156,38,225,72,141,0
CRITTENDEN,6,8,6,4,28,1,5,5,6,2,0,0,1,3,1,12,11,3,9,0,3,42,6,20,12,1,1,21,3,208,171,192,273,254,224,119,236,153,176,244,0,0,111,137,124,137,157,307,193,0,185,178,133,220,118,465,124,191,198,6,6,8,6,4,28,1,5,5,6,2,0,0,1,3,1,12,11,3,9,0,3,42,6,20,12,1,1,21,3,22,26,30,20,44,44,16,31,32,42,48,0,0,18,9,12,20,15,22,34,0,24,42,11,38,21,24,26,22,31,0
CUMBERLAND,0,0,0,0,0,0,0,0,0,0,1,1,0,0,0,0,0,0,1,0,0,0,6,0,0,1,2,0,6,757,0,0,0,0,0,0,0,0,0,0,282,190,0,0,0,0,0,0,214,0,0,0,136,0,0,124,274,0,140,2,0,0,0,0,0,0,0,0,0,0,1,1,0,0,0,0,0,0,1,0,0,0,6,0,0,1,2,0,6,615,0,0,0,0,0,0,0,0,0,0,124,68,0,0,0,0,0,0,38,0,0,0,70,0,0,213,102,0,56,0
DAVIESS,19,36,20,15,22,24,59,4,31,3,5,2,0,2,0,5,0,4,3,7,2,2,16,0,0,2,1,0,1,336,244,273,218,184,310,236,236,224,346,363,338,143,0,382,0,148,0,273,164,218,184,197,302,0,0,188,541,0,331,12,19,36,20,15,22,24,59,4,31,3,5,2,0,2,0,5,0,4,3,7,2,2,16,0,0,2,1,0,1,201,63,70,68,59,80,80,92,58,73,97,131,62,0,63,0,11,0,16,20,54,312,77,142,0,0,67,261,0,67,0
EDMONSON,0,5,1,1,2,1,1,0,5,2,0,2,0,0,2,6,0,0,0,3,0,6,3,0,7,0,0,4,1,0,0,134,268,107,170,131,392,0,160,216,0,164,0,0,131,270,0,0,0,226,0,231,238,0,303,0,0,131,118,0,0,5,1,1,2,1,1,0,5,2,0,2,0,0,2,6,0,0,0,3,0,6,3,0,7,0,0,4,1,0,0,61,56,48,34,77,201,0,36,69,0,28,0,0,8,58,0,0,0,32,0,38,50,0,45,0,0,36,29,0
ELLIOTT,0,1,0,0,0,0,0,0,0,0,0,0,0,0,0,0,0,1,0,0,1,0,0,0,0,0,0,0,0,0,0,98,0,0,0,0,0,0,0,0,0,0,0,0,0,0,0,280,0,0,179,0,0,0,0,0,0,0,0,0,0,1,0,0,0,0,0,0,0,0,0,0,0,0,0,0,0,1,0,0,1,0,0,0,0,0,0,0,0,0,0,11,0,0,0,0,0,0,0,0,0,0,0,0,0,0,0,148,0,0,46,0,0,0,0,0,0,0,0,0
ESTILL,0,0,0,0,0,0,0,0,5,0,0,0,0,2,1,3,3,0,4,1,3,3,9,8,3,6,2,9,0,525,0,0,0,0,0,0,0,0,225,0,0,0,0,150,459,145,156,0,210,309,246,216,184,180,344,211,148,203,0,1,0,0,0,0,0,0,0,0,5,0,0,0,0,2,1,3,3,0,4,1,3,3,9,8,3,6,2,9,0,28,0,0,0,0,0,0,0,0,32,0,0,0,0,48,22,38,46,0,71,12,76,43,25,78,56,105,24,150,0,0
FAYETTE,4,6,4,2,2,8,3,7,2,10,5,10,5,11,3,0,6,10,4,7,6,3,4,5,2,2,2,5,2,0,241,207,298,444,642,296,238,238,406,224,284,286,391,216,288,0,362,482,194,309,226,320,578,523,342,364,226,387,454,0,4,6,4,2,2,8,3,7,2,10,5,10,5,11,3,0,6,10,4,7,6,3,4,5,2,2,2,5,2,0,49,536,88,146,591,98,168,52,408,210,300,281,179,268,406,0,290,229,40,136,72,283,372,315,160,559,76,207,364,0
FLEMING,4,0,0,5,2,4,4,9,6,4,1,1,0,15,0,0,0,8,10,0,0,0,5,0,7,1,0,0,0,200,312,0,0,192,136,230,244,316,348,332,373,429,0,349,0,0,0,338,238,0,0,0,287,0,272,135,0,0,0,8,4,0,0,5,2,4,4,9,6,4,1,1,0,15,0,0,0,8,10,0,0,0,5,0,7,1,0,0,0,48,120,0,0,170,74,138,136,123,80,194,126,69,0,214,0,0,0,60,61,0,0,0,40,0,77,200,0,0,0,0
FLOYD,0,0,0,0,0,0,0,0,0,2,0,0,0,2,0,0,2,0,0,0,0,0,0,0,0,0,0,0,0,0,0,0,0,0,0,0,0,0,0,218,0,0,0,196,0,0,196,0,0,0,0,0,0,0,0,0,0,0,0,0,0,0,0,0,0,0,0,0,0,2,0,0,0,2,0,0,2,0,0,0,0,0,0,0,0,0,0,0,0,0,0,0,0,0,0,0,0,0,0,21,0,0,0,40,0,0,66,0,0,0,0,0,0,0,0,0,0,0,0,0
FRANKLIN,4,9,3,0,7,3,4,3,1,0,0,5,0,0,0,5,0,3,3,2,2,2,6,1,4,9,2,1,6,249,234,399,189,0,227,235,226,292,269,0,0,344,0,0,0,361,0,322,193,233,360,218,206,168,179,170,292,102,171,2,4,9,3,0,7,3,4,3,1,0,0,5,0,0,0,5,0,3,3,2,2,2,6,1,4,9,2,1,6,230,301,78,150,0,72,296,126,308,75,0,0,285,0,0,0,251,0,164,228,278,68,296,58,294,146,50,48,36,297,0
FULTON,23,14,25,42,66,45,32,44,13,90,38,23,34,12,15,10,37,18,12,24,16,15,0,7,14,7,1,0,0,300,291,256,305,288,288,242,238,315,227,258,290,329,261,273,216,245,179,292,273,216,323,261,0,218,310,303,309,0,0,45,23,14,25,42,66,45,32,44,13,90,38,23,34,12,15,10,37,18,12,24,16,15,0,7,14,7,1,0,0,74,74,78,65,74,68,56,64,71,82,84,83,97,76,88,53,48,50,90,58,43,98,84,0,57,98,103,69,0,0,0
GALLATIN,0,0,0,0,0,0,1,0,1,0,0,0,0,0,0,0,16,0,0,1,2,1,0,1,0,0,1,2,0,0,0,0,0,0,0,0,270,0,1355,0,0,0,0,0,0,0,265,0,0,321,268,164,0,58,0,0,252,254,0,0,0,0,0,0,0,0,1,0,1,0,0,0,0,0,0,0,16,0,0,1,2,1,0,1,0,0,1,2,0,0,0,0,0,0,0,0,88,0,327,0,0,0,0,0,0,0,95,0,0,50,104,69,0,12,0,0,204,72,0,0
GARRARD,0,2,2,8,36,17,19,24,29,3,39,27,12,6,6,1,13,41,0,8,0,4,4,1,0,3,0,0,1,211,0,394,333,225,240,190,232,232,256,190,253,226,194,320,275,295,208,250,0,218,0,358,176,223,0,173,0,0,116,8,0,2,2,8,36,17,19,24,29,3,39,27,12,6,6,1,13,41,0,8,0,4,4,1,0,3,0,0,1,66,0,392,193,178,90,100,106,92,72,58,101,66,80,102,103,150,77,127,0,74,0,87,72,94,0,44,0,0,15,0
GRANT,0,0,0,2,0,0,0,0,3,0,3,0,1,1,1,0,0,0,1,0,1,4,2,0,2,5,0,0,2,0,0,0,0,264,0,0,0,0,286,0,526,0,1311,353,345,0,0,0,375,0,290,225,314,0,242,300,0,0,437,0,0,0,0,2,0,0,0,0,3,0,3,0,1,1,1,0,0,0,1,0,1,4,2,0,2,5,0,0,2,0,0,0,0,55,0,0,0,0,102,0,484,0,241,53,98,0,0,0,95,0,117,150,132,0,6,87,0,0,40,0
GRAVES,17,23,14,5,0,3,9,15,0,27,13,3,0,1,0,2,4,14,12,0,19,42,11,0,2,3,1,0,0,361,368,421,341,265,0,382,234,260,0,300,332,273,0,419,0,250,307,364,274,0,242,252,273,0,393,212,248,0,0,19,17,23,14,5,0,3,9,15,0,27,13,3,0,1,0,2,4,14,12,0,19,42,11,0,2,3,1,0,0,110,102,117,84,43,0,86,56,79,0,70,99,46,0,164,0,24,147,126,58,0,118,88,34,0,107,80,211,0,0,0
GRAYSON,4,1,20,1,4,16,12,22,25,7,1,8,2,8,21,11,13,16,16,10,18,10,13,22,9,13,18,7,1,254,188,181,193,195,313,254,242,229,263,251,226,198,220,182,246,157,166,174,166,145,220,90,198,194,118,216,170,274,254,4,4,1,20,1,4,16,12,22,25,7,1,8,2,8,21,11,13,16,16,10,18,10,13,22,9,13,18,7,1,114,25,30,74,29,132,75,65,44,56,62,88,50,74,62,70,36,42,41,27,40,46,30,20,54,39,65,32,61,100,0
GREEN,22,4,5,0,0,2,1,6,2,0,0,1,3,0,9,8,0,1,0,1,0,11,2,0,0,0,0,0,1,460,332,306,181,0,0,413,137,278,167,0,0,157,124,0,265,161,0,191,0,179,0,262,110,0,0,0,0,0,172,19,22,4,5,0,0,2,1,6,2,0,0,1,3,0,9,8,0,1,0,1,0,11,2,0,0,0,0,0,1,194,160,144,47,0,0,126,83,92,32,0,0,20,51,0,220,12,0,153,0,44,0,78,115,0,0,0,0,0,158,0
GREENUP,0,0,0,0,0,0,0,0,0,0,0,1,1,1,1,0,0,0,0,0,0,0,1,0,0,1,0,0,0,0,0,0,0,0,0,0,0,0,0,0,0,682,351,97,316,0,0,0,0,0,0,0,281,0,0,218,0,0,0,0,0,0,0,0,0,0,0,0,0,0,0,1,1,1,1,0,0,0,0,0,0,0,1,0,0,1,0,0,0,0,0,0,0,0,0,0,0,0,0,0,0,190,99,95,53,0,0,0,0,0,0,0,42,0,0,21,0,0,0,0
HANCOCK,8,8,4,5,8,2,5,0,0,2,2,0,0,0,0,4,1,2,0,0,6,0,1,0,3,0,0,0,2,233,245,318,286,221,501,220,293,0,0,332,226,0,0,0,0,282,157,134,0,0,218,0,220,0,258,0,0,0,96,3,8,8,4,5,8,2,5,0,0,2,2,0,0,0,0,4,1,2,0,0,6,0,1,0,3,0,0,0,2,106,68,110,124,84,201,36,87,0,0,156,38,0,0,0,0,46,5,22,0,0,50,0,123,0,75,0,0,0,18,0
HARDIN,151,99,105,95,110,92,36,71,20,30,61,26,8,12,31,42,142,120,40,108,70,198,88,123,97,57,89,82,108,281,307,307,285,286,264,254,272,261,235,249,269,294,276,269,253,288,234,252,217,213,231,238,230,236,218,196,220,232,214,132,151,99,105,95,110,92,36,71,20,30,61,26,8,12,31,42,142,120,40,108,70,198,88,123,97,57,89,82,108,50,79,75,61,56,56,59,80,61,54,34,55,118,94,102,68,70,56,53,50,42,54,56,47,57,71,44,45,48,47,0
HARLAN,0,0,0,0,0,0,2,0,0,0,0,0,0,0,0,0,0,0,0,0,0,0,0,0,0,0,0,0,0,0,0,0,0,0,0,0,302,0,0,0,0,0,0,0,0,0,0,0,0,0,0,0,0,0,0,0,0,0,0,0,0,0,0,0,0,0,2,0,0,0,0,0,0,0,0,0,0,0,0,0,0,0,0,0,0,0,0,0,0,0,0,0,0,0,0,0,255,0,0,0,0,0,0,0,0,0,0,0,0,0,0,0,0,0,0,0,0,0,0,0
HARRISON,2,4,18,11,21,3,12,14,6,8,1,0,9,0,4,1,7,9,8,1,5,7,3,8,3,2,13,6,4,276,263,197,230,318,333,358,312,296,308,488,268,0,553,0,219,393,385,345,230,240,258,255,359,256,395,268,327,678,288,12,2,4,18,11,21,3,12,14,6,8,1,0,9,0,4,1,7,9,8,1,5,7,3,8,3,2,13,6,4,222,210,123,65,330,188,191,126,84,229,212,34,0,94,0,216,67,74,111,96,51,117,93,166,94,259,140,270,586,270,0
HART,2,3,1,4,6,0,8,0,1,0,3,0,0,0,1,0,1,0,0,0,0,2,3,0,1,7,3,0,3,341,340,197,196,337,235,0,232,0,209,0,108,0,0,0,211,0,320,0,0,0,0,209,299,0,426,259,108,0,227,9,2,3,1,4,6,0,8,0,1,0,3,0,0,0,1,0,1,0,0,0,0,2,3,0,1,7,3,0,3,61,55,48,18,86,32,0,57,0,143,0,26,0,0,0,13,0,23,0,0,0,0,89,28,0,42,55,20,0,43,0
HENDERSON,11,13,6,47,44,2,2,47,16,0,0,4,5,8,1,0,3,11,6,0,3,1,1,0,0,0,0,0,0,234,276,307,303,360,274,398,196,246,225,0,0,150,400,243,286,0,508,225,260,0,179,245,156,0,0,0,0,0,0,5,11,13,6,47,44,2,2,47,16,0,0,4,5,8,1,0,3,11,6,0,3,1,1,0,0,0,0,0,0,37,61,65,50,77,40,112,50,55,59,0,0,51,97,58,70,0,65,61,104,0,57,27,16,0,0,0,0,0,0,0
HENRY,1,1,1,3,2,1,0,2,5,0,2,0,8,0,1,0,0,4,6,0,0,1,1,3,1,9,1,1,9,318,409,234,318,259,230,514,0,302,414,0,347,0,298,0,142,0,0,304,248,0,0,236,310,410,258,164,232,301,172,2,1,1,1,3,2,1,0,2,5,0,2,0,8,0,1,0,0,4,6,0,0,1,1,3,1,9,1,1,9,523,611,472,50,91,246,418,0,154,619,0,276,0,74,0,177,0,0,139,238,0,0,324,60,125,216,151,164,501,89,0
HICKMAN,206,257,247,175,172,224,147,145,140,94,20,11,8,1,1,2,0,0,2,0,0,0,1,0,0,0,0,0,0,290,324,301,321,306,282,282,308,297,278,259,269,277,227,186,299,213,0,0,162,0,0,0,270,0,0,0,0,0,0,100,206,257,247,175,172,224,147,145,140,94,20,11,8,1,1,2,0,0,2,0,0,0,1,0,0,0,0,0,0,82,88,92,89,94,89,89,134,103,74,80,103,113,76,59,60,108,0,0,103,0,0,0,70,0,0,0,0,0,0,0
HOPKINS,128,21,7,30,29,6,8,1,38,0,4,1,0,9,1,0,4,24,2,3,5,2,0,11,4,8,4,4,0,254,259,266,220,240,198,194,194,180,236,0,450,140,0,180,88,0,160,264,210,165,168,160,0,181,331,422,196,208,0,16,128,21,7,30,29,6,8,1,38,0,4,1,0,9,1,0,4,24,2,3,5,2,0,11,4,8,4,4,0,34,68,47,78,56,36,34,18,28,50,0,66,32,0,20,7,0,16,130,55,88,22,78,0,54,38,118,90,41,0,0
JACKSON,0,1,0,0,0,0,0,0,0,0,0,0,0,4,0,0,0,0,0,0,0,0,1,0,0,0,0,0,2,0,0,292,0,0,0,0,0,0,0,0,0,0,0,179,0,0,0,0,0,0,0,0,420,0,0,0,0,0,135,0,0,1,0,0,0,0,0,0,0,0,0,0,0,4,0,0,0,0,0,0,0,0,1,0,0,0,0,0,2,0,0,174,0,0,0,0,0,0,0,0,0,0,0,10,0,0,0,0,0,0,0,0,96,0,0,0,0,0,86,0
JEFFERSON,6,0,5,0,20,13,1,0,2,0,4,0,8,0,1,0,0,0,0,2,1,3,9,0,1,1,0,7,7,257,225,0,192,0,258,255,238,0,238,0,304,0,352,0,226,0,0,0,0,215,183,153,215,0,433,611,0,212,222,5,6,0,5,0,20,13,1,0,2,0,4,0,8,0,1,0,0,0,0,2,1,3,9,0,1,1,0,7,7,54,45,0,155,0,93,201,13,0,56,0,76,0,54,0,146,0,0,0,0,30,48,47,23,0,205,254,0,61,43,0
JESSAMINE,1,1,2,0,0,0,0,0,0,1,0,0,0,1,0,0,0,2,1,0,0,0,2,0,3,3,1,0,0,0,227,569,294,0,0,0,0,0,0,91,0,0,0,321,0,0,0,361,439,0,0,0,298,0,156,118,260,0,0,0,1,1,2,0,0,0,0,0,0,1,0,0,0,1,0,0,0,2,1,0,0,0,2,0,3,3,1,0,0,0,490,595,384,0,0,0,0,0,0,126,0,0,0,60,0,0,0,332,133,0,0,0,480,0,439,105,364,0,0,0
JOHNSON,0,0,0,0,0,2,0,1,0,0,0,0,0,0,0,0,2,0,0,0,0,0,0,0,0,0,0,0,0,0,0,0,0,0,0,172,0,74,0,0,0,0,0,0,0,0,160,0,0,0,0,0,0,0,0,0,0,0,0,0,0,0,0,0,0,2,0,1,0,0,0,0,0,0,0,0,2,0,0,0,0,0,0,0,0,0,0,0,0,0,0,0,0,0,0,36,0,9,0,0,0,0,0,0,0,0,29,0,0,0,0,0,0,0,0,0,0,0,0,0
KENTON,7,0,1,0,3,3,3,0,4,1,0,5,0,0,0,3,0,0,8,5,4,1,0,0,2,0,0,0,8,438,300,0,405,0,391,397,309,0,284,358,0,173,0,0,0,397,0,0,260,251,256,335,0,0,218,0,0,0,202,2,7,0,1,0,3,3,3,0,4,1,0,5,0,0,0,3,0,0,8,5,4,1,0,0,2,0,0,0,8,90,63,0,198,0,102,60,64,0,130,69,0,55,0,0,0,139,0,0,92,113,102,246,0,0,68,0,0,0,58,0
KNOTT,0,0,0,0,0,0,0,0,0,0,0,0,0,1,0,0,0,0,0,0,1,0,0,0,0,0,0,0,0,0,0,0,0,0,0,0,0,0,0,0,0,0,0,191,0,0,0,0,0,0,309,0,0,0,0,0,0,0,0,0,0,0,0,0,0,0,0,0,0,0,0,0,0,1,0,0,0,0,0,0,1,0,0,0,0,0,0,0,0,0,0,0,0,0,0,0,0,0,0,0,0,0,0,28,0,0,0,0,0,0,115,0,0,0,0,0,0,0,0,0
KNOX,3,3,0,0,1,0,0,0,0,0,0,0,0,0,0,0,0,0,0,0,0,0,0,0,1,0,0,0,0,190,148,228,0,0,193,0,0,0,0,0,0,0,0,0,0,0,0,0,0,0,0,0,0,0,74,0,0,0,0,2,3,3,0,0,1,0,0,0,0,0,0,0,0,0,0,0,0,0,0,0,0,0,0,0,1,0,0,0,0,52,38,68,0,0,41,0,0,0,0,0,0,0,0,0,0,0,0,0,0,0,0,0,0,0,26,0,0,0,0,0
LARUE,12,19,13,13,11,12,17,8,9,16,4,6,6,4,5,1,13,9,37,2,0,4,4,8,17,1,6,0,2,263,348,226,315,450,254,194,258,248,187,256,266,160,152,178,302,336,262,273,246,280,0,209,209,222,258,200,304,0,102,19,12,19,13,13,11,12,17,8,9,16,4,6,6,4,5,1,13,9,37,2,0,4,4,8,17,1,6,0,2,78,77,28,75,161,90,55,124,78,37,62,41,34,34,68,91,121,69,71,48,108,0,203,50,73,53,26,172,0,25,0
LAUREL,0,0,0,0,0,2,0,2,0,0,0,0,1,4,0,0,3,0,0,2,0,0,0,0,0,0,0,2,2,185,0,0,0,0,0,349,0,268,0,0,0,0,285,138,0,0,359,0,0,130,0,0,0,0,0,0,0,324,381,2,0,0,0,0,0,2,0,2,0,0,0,0,1,4,0,0,3,0,0,2,0,0,0,0,0,0,0,2,2,63,0,0,0,0,0,348,0,352,0,0,0,0,264,64,0,0,329,0,0,97,0,0,0,0,0,0,0,167,70,0
LAWRENCE,1,4,1,1,0,0,0,0,0,3,1,1,0,0,0,0,0,0,0,0,0,0,0,2,0,0,0,0,0,0,306,170,153,181,0,0,0,0,0,339,116,297,0,0,0,0,0,0,0,0,0,0,0,138,0,0,0,0,0,0,1,4,1,1,0,0,0,0,0,3,1,1,0,0,0,0,0,0,0,0,0,0,0,2,0,0,0,0,0,0,129,56,7,20,0,0,0,0,0,15,41,17,0,0,0,0,0,0,0,0,0,0,0,12,0,0,0,0,0,0
LEE,0,0,0,0,0,0,0,0,1,0,2,0,1,1,0,4,0,0,0,0,5,0,3,1,0,1,0,0,0,0,0,0,0,0,0,0,0,0,108,0,252,0,199,156,0,296,0,0,0,0,198,0,150,228,0,203,0,0,0,0,0,0,0,0,0,0,0,0,1,0,2,0,1,1,0,4,0,0,0,0,5,0,3,1,0,1,0,0,0,0,0,0,0,0,0,0,0,0,27,0,26,0,13,33,0,54,0,0,0,0,15,0,102,43,0,51,0,0,0,0
LESLIE,0,0,0,0,0,0,0,0,0,1,0,0,0,0,0,0,0,0,0,0,0,0,0,0,0,0,0,0,0,0,0,0,0,0,0,0,0,0,0,246,0,0,0,0,0,0,0,0,0,0,0,0,0,0,0,0,0,0,0,0,0,0,0,0,0,0,0,0,0,1,0,0,0,0,0,0,0,0,0,0,0,0,0,0,0,0,0,0,0,0,0,0,0,0,0,0,0,0,0,113,0,0,0,0,0,0,0,0,0,0,0,0,0,0,0,0,0,0,0,0
LETCHER,0,0,0,0,0,0,0,0,0,0,0,0,0,0,3,0,0,0,0,0,0,0,1,0,0,0,0,0,0,129,0,0,0,0,0,0,0,0,0,0,0,0,0,0,281,0,0,0,0,0,0,0,156,0,0,0,0,0,0,1,0,0,0,0,0,0,0,0,0,0,0,0,0,0,3,0,0,0,0,0,0,0,1,0,0,0,0,0,0,9,0,0,0,0,0,0,0,0,0,0,0,0,0,0,52,0,0,0,0,0,0,0,33,0,0,0,0,0,0,0
LEWIS,4,0,0,0,0,2,1,1,0,1,2,2,0,1,2,3,0,2,4,1,0,0,5,1,1,2,0,0,0,0,280,0,0,0,0,230,140,323,0,160,116,276,0,127,276,147,0,236,228,171,0,0,193,48,125,250,0,0,0,0,4,0,0,0,0,2,1,1,0,1,2,2,0,1,2,3,0,2,4,1,0,0,5,1,1,2,0,0,0,0,97,0,0,0,0,106,25,63,0,42,35,41,0,61,105,48,0,44,118,14,0,0,17,44,55,42,0,0,0,0
LINCOLN,13,6,16,7,17,4,11,30,16,23,28,11,16,18,16,14,21,32,1,17,15,24,33,9,39,16,40,14,16,267,292,234,284,234,245,322,157,260,215,201,250,242,227,192,258,263,269,270,423,268,186,199,230,177,223,168,388,200,282,12,13,6,16,7,17,4,11,30,16,23,28,11,16,18,16,14,21,32,1,17,15,24,33,9,39,16,40,14,16,86,55,40,80,25,74,202,59,76,70,84,74,74,70,79,84,80,74,112,219,149,59,54,86,106,60,65,110,54,64,0
LIVINGSTON,1,16,4,5,9,12,28,0,8,0,4,3,1,3,0,0,1,0,5,4,0,13,10,31,1,2,0,1,7,469,149,228,119,254,203,100,178,0,150,0,164,65,164,91,0,0,225,0,136,214,0,167,168,85,71,295,0,298,172,1,1,16,4,5,9,12,28,0,8,0,4,3,1,3,0,0,1,0,5,4,0,13,10,31,1,2,0,1,7,168,14,52,84,103,103,51,80,0,82,0,104,66,37,49,0,0,24,0,46,38,0,47,44,15,37,134,0,37,14,0
LOGAN,20,14,7,4,15,12,3,2,9,21,50,35,30,26,41,9,22,25,0,10,8,3,3,1,16,7,2,3,0,278,364,398,355,264,381,176,254,474,378,255,348,360,286,262,272,174,404,394,0,188,220,149,167,139,289,144,163,328,0,23,20,14,7,4,15,12,3,2,9,21,50,35,30,26,41,9,22,25,0,10,8,3,3,1,16,7,2,3,0,58,73,52,69,52,89,38,74,188,74,61,109,72,62,54,52,56,74,78,0,60,61,50,21,89,66,58,62,25,0,0
LYON,4,1,1,0,11,1,7,2,4,2,0,3,2,0,91,3,9,3,6,5,0,17,8,11,4,4,1,2,0,0,250,186,162,0,336,364,474,304,260,108,0,264,162,0,197,227,232,356,350,263,0,287,216,123,238,276,372,278,0,0,4,1,1,0,11,1,7,2,4,2,0,3,2,0,91,3,9,3,6,5,0,17,8,11,4,4,1,2,0,0,74,29,17,0,65,168,75,106,30,15,0,30,62,0,33,21,31,52,82,66,0,107,58,28,52,102,30,72,0,0
MADISON,0,0,0,0,0,3,0,1,10,2,2,7,2,8,0,5,8,6,2,1,3,0,4,3,0,4,5,1,0,0,0,0,0,0,0,213,0,382,262,360,202,328,301,258,0,267,183,414,304,178,108,0,273,222,0,227,212,153,0,0,0,0,0,0,0,3,0,1,10,2,2,7,2,8,0,5,8,6,2,1,3,0,4,3,0,4,5,1,0,0,0,0,0,0,0,64,0,243,120,178,66,98,122,108,0,40,44,70,124,182,40,0,144,88,0,68,34,207,0,0
MAGOFFIN,0,0,0,0,0,1,1,0,0,0,0,0,0,0,0,0,0,10,0,1,0,3,0,0,0,0,0,0,0,0,0,0,0,0,0,155,122,0,0,0,0,0,0,0,0,0,0,130,0,334,0,173,0,0,0,0,0,0,0,0,0,0,0,0,0,1,1,0,0,0,0,0,0,0,0,0,0,10,0,1,0,3,0,0,0,0,0,0,0,0,0,0,0,0,0,16,11,0,0,0,0,0,0,0,0,0,0,50,0,66,0,101,0,0,0,0,0,0,0,0
MARION,17,24,23,12,18,13,7,23,9,6,3,2,0,6,0,5,2,3,7,26,4,16,0,1,4,4,4,1,3,357,290,286,266,242,278,307,320,284,451,258,330,312,0,210,0,251,654,178,363,428,286,242,0,932,361,261,246,260,172,13,17,24,23,12,18,13,7,23,9,6,3,2,0,6,0,5,2,3,7,26,4,16,0,1,4,4,4,1,3,66,39,69,53,72,70,68,62,47,121,50,108,50,0,60,0,63,182,22,119,392,60,81,0,349,32,80,64,104,56,0
MARSHALL,5,2,1,0,4,0,1,0,0,0,4,0,9,0,13,3,5,44,1,2,6,21,0,9,9,0,21,0,1,0,252,456,451,0,302,0,184,0,0,0,248,0,157,0,151,187,266,208,73,175,183,188,0,261,182,0,87,0,185,0,5,2,1,0,4,0,1,0,0,0,4,0,9,0,13,3,5,44,1,2,6,21,0,9,9,0,21,0,1,0,50,63,201,0,64,0,95,0,0,0,30,0,20,0,30,67,62,52,10,38,56,21,0,30,66,0,16,0,39,0
MASON,15,10,7,7,2,3,4,8,2,3,2,15,2,5,10,11,6,11,0,6,1,6,3,0,2,4,0,1,1,247,277,214,262,323,455,267,336,386,298,257,360,271,181,239,296,276,387,313,0,310,279,230,265,0,214,226,0,302,128,4,15,10,7,7,2,3,4,8,2,3,2,15,2,5,10,11,6,11,0,6,1,6,3,0,2,4,0,1,1,76,111,90,99,75,150,111,71,103,85,84,84,102,95,63,113,105,99,102,0,122,42,76,114,0,47,45,0,134,27,0
MCCRACKEN,8,12,6,5,4,16,1,4,1,1,2,2,5,0,4,3,1,1,0,1,3,7,3,2,0,0,1,1,0,142,294,206,260,273,248,286,425,358,245,331,188,268,283,0,314,261,225,249,0,163,135,187,284,652,0,0,170,101,0,6,8,12,6,5,4,16,1,4,1,1,2,2,5,0,4,3,1,1,0,1,3,7,3,2,0,0,1,1,0,34,21,49,64,102,48,76,193,37,201,90,50,66,88,0,95,30,27,32,0,32,25,42,60,232,0,0,14,232,0,0
MCCREARY,0,0,0,2,0,0,0,0,0,0,0,0,0,0,0,0,0,0,0,0,0,0,0,0,0,0,0,0,1,0,0,0,0,628,0,0,0,0,0,0,0,0,0,0,0,0,0,0,0,0,0,0,0,0,0,0,0,0,118,0,0,0,0,2,0,0,0,0,0,0,0,0,0,0,0,0,0,0,0,0,0,0,0,0,0,0,0,0,1,0,0,0,0,124,0,0,0,0,0,0,0,0,0,0,0,0,0,0,0,0,0,0,0,0,0,0,0,0,6,0
MCLEAN,341,219,156,340,333,70,238,146,287,1,0,0,13,0,0,0,0,13,0,0,0,3,0,4,1,3,0,0,0,284,284,267,290,287,282,286,280,265,296,494,0,0,375,0,0,0,0,199,0,0,0,322,0,128,164,320,0,0,0,191,341,219,156,340,333,70,238,146,287,1,0,0,13,0,0,0,0,13,0,0,0,3,0,4,1,3,0,0,0,69,85,74,74,77,68,74,82,65,76,201,0,0,148,0,0,0,0,50,0,0,0,169,0,147,47,111,0,0,0,0
MEADE,48,40,43,15,22,33,9,15,9,6,7,3,1,2,0,3,10,15,3,6,9,29,4,10,4,9,6,10,9,318,242,272,278,301,282,227,213,326,293,274,300,265,242,186,0,238,264,281,209,242,166,212,92,220,284,172,185,152,156,55,48,40,43,15,22,33,9,15,9,6,7,3,1,2,0,3,10,15,3,6,9,29,4,10,4,9,6,10,9,52,46,62,47,44,59,50,41,87,70,68,49,33,25,34,0,43,63,36,31,46,45,50,69,33,53,57,65,48,55,0
MENIFEE,0,0,0,0,0,0,0,0,0,0,0,0,0,0,2,1,0,1,1,0,0,0,0,0,1,0,0,1,1,0,0,0,0,0,0,0,0,0,0,0,0,0,0,0,342,290,0,271,253,0,0,0,0,0,232,0,0,253,309,0,0,0,0,0,0,0,0,0,0,0,0,0,0,0,2,1,0,1,1,0,0,0,0,0,1,0,0,1,1,0,0,0,0,0,0,0,0,0,0,0,0,0,0,0,208,8,0,110,31,0,0,0,0,0,70,0,0,61,156,0
MERCER,0,5,3,2,9,3,0,0,0,1,0,5,2,4,4,2,0,1,3,2,3,3,3,4,1,0,8,5,12,480,0,303,190,490,293,250,0,0,0,465,0,194,162,332,100,226,0,184,267,213,212,292,218,222,262,0,142,172,144,1,0,5,3,2,9,3,0,0,0,1,0,5,2,4,4,2,0,1,3,2,3,3,3,4,1,0,8,5,12,486,0,254,288,414,380,238,0,0,0,504,0,94,42,146,14,246,0,126,190,172,283,554,299,61,80,0,34,261,48,0
METCALFE,0,3,6,4,1,11,0,1,0,4,29,4,5,2,0,3,4,2,2,0,0,8,0,1,3,0,2,17,10,274,0,272,281,428,230,196,0,352,0,234,326,294,118,161,0,115,182,197,348,0,0,134,0,77,170,0,263,225,185,4,0,3,6,4,1,11,0,1,0,4,29,4,5,2,0,3,4,2,2,0,0,8,0,1,3,0,2,17,10,72,0,43,48,77,45,45,0,100,0,107,72,192,41,162,0,43,36,36,218,0,0,81,0,10,91,0,73,91,48,0
MONROE,0,2,1,0,3,0,0,1,0,0,3,1,2,0,2,0,3,4,6,0,0,14,1,6,3,51,1,0,0,111,0,346,659,0,155,0,0,135,0,0,392,232,260,0,144,0,356,222,318,0,0,225,284,318,173,188,183,0,0,1,0,2,1,0,3,0,0,1,0,0,3,1,2,0,2,0,3,4,6,0,0,14,1,6,3,51,1,0,0,14,0,298,126,0,123,0,0,146,0,0,326,319,172,0,89,0,188,97,140,0,0,74,18,202,106,93,269,0,0,0
MONTGOMERY,0,1,0,1,1,0,0,0,0,0,4,0,2,0,0,0,0,0,2,0,5,1,0,0,0,3,1,0,0,0,0,241,0,131,167,0,0,0,0,0,159,0,892,0,0,0,0,0,318,0,248,234,0,0,0,188,168,0,0,0,0,1,0,1,1,0,0,0,0,0,4,0,2,0,0,0,0,0,2,0,5,1,0,0,0,3,1,0,0,0,0,7,0,7,29,0,0,0,0,0,34,0,220,0,0,0,0,0,46,0,68,10,0,0,0,71,16,0,0,0
MORGAN,0,3,1,0,0,0,0,0,1,5,1,1,2,2,3,1,1,0,2,0,2,0,0,0,0,0,0,0,0,180,0,156,355,0,0,0,0,0,98,172,278,302,514,362,115,327,225,0,238,0,189,0,0,0,0,0,0,0,0,2,0,3,1,0,0,0,0,0,1,5,1,1,2,2,3,1,1,0,2,0,2,0,0,0,0,0,0,0,0,17,0,35,28,0,0,0,0,0,19,53,329,245,467,106,167,145,40,0,44,0,297,0,0,0,0,0,0,0,0,0
MUHLENBERG,0,2,10,4,4,4,0,0,2,3,2,3,1,0,0,0,16,0,1,0,1,1,0,7,0,0,1,4,1,254,0,214,332,148,230,148,0,0,81,248,340,179,217,0,0,0,182,0,139,0,225,339,0,212,0,0,367,192,186,5,0,2,10,4,4,4,0,0,2,3,2,3,1,0,0,0,16,0,1,0,1,1,0,7,0,0,1,4,1,35,0,28,68,16,62,17,0,0,6,37,150,33,64,0,0,0,78,0,35,0,40,41,0,39,0,0,124,35,8,0
NELSON,16,30,10,11,22,19,9,4,10,13,15,16,8,13,16,9,15,38,11,30,9,48,29,22,18,25,29,11,6,329,308,367,310,272,324,318,231,264,321,496,300,236,492,301,300,265,341,296,263,297,212,239,187,254,235,174,219,185,195,57,16,30,10,11,22,19,9,4,10,13,15,16,8,13,16,9,15,38,11,30,9,48,29,22,18,25,29,11,6,69,48,62,126,46,60,54,45,44,108,208,43,72,113,57,92,73,99,63,89,111,98,56,38,88,47,52,67,32,38,0
NICHOLAS,2,0,1,0,0,0,1,0,0,1,0,0,0,1,1,1,0,2,0,0,0,3,1,3,1,6,6,0,2,329,238,0,257,0,0,0,597,0,0,352,0,0,0,312,190,348,0,208,0,0,0,477,346,376,180,400,377,0,339,1,2,0,1,0,0,0,1,0,0,1,0,0,0,1,1,1,0,2,0,0,0,3,1,3,1,6,6,0,2,73,52,0,187,0,0,0,65,0,0,26,0,0,0,33,165,39,0,28,0,0,0,132,263,39,75,76,95,0,60,0
OHIO,4,0,1,3,0,2,2,0,6,0,1,3,0,1,4,4,10,6,1,0,4,0,1,1,1,0,0,1,0,221,186,0,157,214,0,272,178,0,194,0,340,191,0,225,158,182,160,198,262,0,160,0,128,91,117,0,0,219,0,3,4,0,1,3,0,2,2,0,6,0,1,3,0,1,4,4,10,6,1,0,4,0,1,1,1,0,0,1,0,22,40,0,27,32,0,22,14,0,152,0,94,40,0,35,33,30,14,44,53,0,20,0,5,20,22,0,0,114,0,0
OLDHAM,1,5,2,0,1,0,0,4,3,1,2,4,0,1,0,3,2,3,0,0,0,0,2,2,0,1,1,2,0,260,258,347,276,0,117,0,0,210,286,147,120,253,0,201,0,287,419,249,0,0,0,0,274,253,0,324,104,224,0,16,1,5,2,0,1,0,0,4,3,1,2,4,0,1,0,3,2,3,0,0,0,0,2,2,0,1,1,2,0,40,26,56,120,0,35,0,0,32,51,33,12,210,0,76,0,41,123,45,0,0,0,0,84,66,0,74,32,350,0,0
OWEN,0,0,0,3,1,0,0,0,0,2,0,0,2,0,0,1,3,3,2,4,1,0,0,0,0,1,0,0,2,0,0,0,0,473,253,0,0,0,0,242,0,0,288,0,0,303,239,210,276,298,302,0,0,0,0,197,0,0,262,0,0,0,0,3,1,0,0,0,0,2,0,0,2,0,0,1,3,3,2,4,1,0,0,0,0,1,0,0,2,0,0,0,0,165,48,0,0,0,0,52,0,0,67,0,0,383,21,71,28,100,94,0,0,0,0,258,0,0,172,0
OWSLEY,0,1,0,0,0,0,0,0,0,0,0,0,0,0,0,0,0,0,0,0,0,0,0,0,0,0,1,0,0,0,0,193,0,0,0,0,0,0,0,0,0,0,0,0,0,0,0,0,0,0,0,0,0,0,0,0,161,0,0,0,0,1,0,0,0,0,0,0,0,0,0,0,0,0,0,0,0,0,0,0,0,0,0,0,0,0,1,0,0,0,0,9,0,0,0,0,0,0,0,0,0,0,0,0,0,0,0,0,0,0,0,0,0,0,0,0,9,0,0,0
PENDLETON,0,1,1,0,0,0,0,0,1,8,0,1,0,11,4,0,0,0,0,0,34,8,0,2,0,0,0,0,0,0,0,378,230,0,0,0,0,0,351,339,0,287,0,230,252,0,0,0,0,0,274,160,0,198,0,0,0,0,0,0,0,1,1,0,0,0,0,0,1,8,0,1,0,11,4,0,0,0,0,0,34,8,0,2,0,0,0,0,0,0,0,466,171,0,0,0,0,0,87,190,0,154,0,157,16,0,0,0,0,0,165,30,0,209,0,0,0,0,0,0
PERRY,0,0,0,0,0,0,0,0,1,0,0,0,0,0,1,0,0,2,2,0,5,0,1,0,0,0,1,4,0,0,0,0,0,0,0,0,0,0,182,0,0,0,0,0,81,0,0,210,312,0,166,0,245,0,0,0,584,172,0,0,0,0,0,0,0,0,0,0,1,0,0,0,0,0,1,0,0,2,2,0,5,0,1,0,0,0,1,4,0,0,0,0,0,0,0,0,0,0,13,0,0,0,0,0,8,0,0,40,130,0,9,0,12,0,0,0,556,10,0,0
PIKE,0,0,0,0,0,0,0,0,0,0,0,0,2,0,0,0,0,0,0,0,0,0,0,0,0,0,0,0,0,0,0,0,0,0,0,0,0,0,0,0,0,0,191,0,0,0,0,0,0,0,0,0,0,0,0,0,0,0,0,0,0,0,0,0,0,0,0,0,0,0,0,0,2,0,0,0,0,0,0,0,0,0,0,0,0,0,0,0,0,0,0,0,0,0,0,0,0,0,0,0,0,0,80,0,0,0,0,0,0,0,0,0,0,0,0,0,0,0,0,0
POWELL,0,0,0,0,0,0,1,0,3,0,0,0,0,1,0,0,0,0,0,0,0,0,0,0,0,0,0,0,0,0,0,0,0,0,0,0,212,0,204,0,0,0,0,1046,0,0,0,0,0,0,0,0,0,0,0,0,0,0,0,0,0,0,0,0,0,0,1,0,3,0,0,0,0,1,0,0,0,0,0,0,0,0,0,0,0,0,0,0,0,0,0,0,0,0,0,0,86,0,26,0,0,0,0,577,0,0,0,0,0,0,0,0,0,0,0,0,0,0,0,0
PULASKI,0,5,4,3,7,8,5,8,2,7,11,3,12,35,25,6,9,3,5,8,1,11,6,5,1,4,6,3,6,241,0,305,216,282,254,288,228,178,294,285,210,185,238,234,182,210,462,284,192,124,300,260,258,175,309,187,202,239,274,9,0,5,4,3,7,8,5,8,2,7,11,3,12,35,25,6,9,3,5,8,1,11,6,5,1,4,6,3,6,80,0,95,56,37,62,98,38,44,87,110,121,75,79,55,85,55,102,98,70,54,170,122,99,139,638,126,44,142,190,0
ROBERTSON,0,0,0,0,0,0,0,0,0,0,0,0,0,3,0,0,1,3,0,0,0,0,4,0,3,0,0,0,0,0,0,0,0,0,0,0,0,0,0,0,0,0,0,277,0,0,343,208,0,0,0,0,286,0,274,0,0,0,0,0,0,0,0,0,0,0,0,0,0,0,0,0,0,3,0,0,1,3,0,0,0,0,4,0,3,0,0,0,0,0,0,0,0,0,0,0,0,0,0,0,0,0,0,21,0,0,177,83,0,0,0,0,36,0,49,0,0,0,0,0
ROCKCASTLE,0,2,13,1,1,7,7,9,4,0,2,0,0,0,0,0,3,1,5,0,2,8,2,1,9,7,13,0,7,249,0,284,192,194,186,211,195,313,368,0,199,0,0,0,0,0,197,190,150,0,223,206,271,130,195,211,278,0,266,3,0,2,13,1,1,7,7,9,4,0,2,0,0,0,0,0,3,1,5,0,2,8,2,1,9,7,13,0,7,159,0,134,80,50,125,43,63,62,97,0,98,0,0,0,0,0,93,40,106,0,92,66,86,108,30,86,47,0,79,0
ROWAN,0,0,0,0,0,1,3,1,0,0,0,1,1,0,0,0,0,0,0,0,1,0,1,1,0,0,0,0,1,0,0,0,0,0,0,309,250,204,0,0,0,344,127,0,0,0,0,0,0,0,241,0,80,65,0,0,0,0,167,0,0,0,0,0,0,1,3,1,0,0,0,1,1,0,0,0,0,0,0,0,1,0,1,1,0,0,0,0,1,0,0,0,0,0,0,136,71,42,0,0,0,93,102,0,0,0,0,0,0,0,47,0,38,59,0,0,0,0,4,0
RUSSELL,0,1,0,2,1,0,1,0,2,1,2,1,1,0,1,3,0,3,2,1,2,0,0,0,4,1,0,1,0,212,0,106,0,236,145,0,164,0,288,173,125,186,154,0,225,79,0,208,306,248,202,0,0,0,259,522,0,160,0,21,0,1,0,2,1,0,1,0,2,1,2,1,1,0,1,3,0,3,2,1,2,0,0,0,4,1,0,1,0,58,0,8,0,194,111,0,121,0,82,84,196,119,51,0,270,206,0,23,76,190,92,0,0,0,48,172,0,40,0,0
SCOTT,2,1,10,14,7,8,17,14,20,13,2,3,1,1,2,2,8,2,3,0,1,14,4,1,9,0,43,0,4,458,236,359,323,300,501,247,213,229,333,265,400,274,313,252,526,267,260,792,366,0,184,280,348,225,343,0,273,0,266,1,2,1,10,14,7,8,17,14,20,13,2,3,1,1,2,2,8,2,3,0,1,14,4,1,9,0,43,0,4,358,90,444,127,314,453,312,202,216,286,281,287,69,441,642,397,356,24,337,424,0,111,383,309,83,445,0,345,0,330,0
SHELBY,18,10,69,33,129,29,46,40,34,7,23,27,4,15,15,4,37,32,9,22,2,8,0,1,7,3,1,15,1,258,224,290,214,306,294,265,248,278,263,262,323,391,217,181,234,196,217,284,272,218,170,188,0,190,155,284,158,214,221,34,18,10,69,33,129,29,46,40,34,7,23,27,4,15,15,4,37,32,9,22,2,8,0,1,7,3,1,15,1,178,42,172,47,205,175,101,86,77,210,53,147,103,42,37,101,64,178,147,201,118,24,150,0,52,29,174,16,24,275,0
SIMPSON,31,30,33,42,29,13,14,26,10,14,20,16,7,8,7,9,9,16,1,0,16,1,0,17,6,5,5,0,0,338,315,364,357,338,385,318,278,382,334,369,387,328,663,214,269,341,401,422,196,0,242,223,0,294,338,309,216,0,0,129,31,30,33,42,29,13,14,26,10,14,20,16,7,8,7,9,9,16,1,0,16,1,0,17,6,5,5,0,0,69,72,88,90,76,59,62,57,98,68,67,114,73,224,42,36,81,56,104,85,0,82,110,0,63,82,83,90,0,0,0
SPENCER,1,1,0,12,0,0,0,0,0,0,6,0,1,2,9,7,13,19,7,6,0,4,0,12,4,6,0,2,2,316,127,149,0,182,0,0,0,0,0,0,162,0,284,241,157,218,188,236,431,302,0,272,0,186,169,214,0,260,319,10,1,1,0,12,0,0,0,0,0,0,6,0,1,2,9,7,13,19,7,6,0,4,0,12,4,6,0,2,2,276,133,124,0,200,0,0,0,0,0,0,42,0,141,30,58,101,67,78,103,116,0,128,0,126,206,114,0,244,99,0
TAYLOR,9,11,6,13,17,8,11,6,19,9,13,10,6,10,1,14,4,41,12,19,14,8,15,1,2,6,1,0,0,298,255,316,356,277,245,314,180,314,247,350,401,328,221,406,785,227,240,258,268,182,256,314,280,238,250,199,196,0,0,19,9,11,6,13,17,8,11,6,19,9,13,10,6,10,1,14,4,41,12,19,14,8,15,1,2,6,1,0,0,91,71,76,175,59,53,69,76,136,67,93,181,78,55,172,99,64,74,76,60,53,94,80,57,85,83,46,102,0,0,0
TODD,80,17,24,103,43,42,298,113,70,28,3,20,34,4,10,42,32,16,2,5,19,23,18,12,2,14,1,4,0,311,392,347,336,361,387,312,381,375,388,382,475,302,270,472,350,299,326,352,433,338,266,273,351,264,248,181,103,294,0,65,80,17,24,103,43,42,298,113,70,28,3,20,34,4,10,42,32,16,2,5,19,23,18,12,2,14,1,4,0,77,74,61,64,67,77,62,98,78,88,68,98,90,50,222,52,62,69,100,79,227,78,107,115,54,230,38,14,195,0,0
TRIGG,17,36,28,12,11,4,11,10,16,11,7,6,5,2,12,5,8,31,28,75,66,75,123,71,106,120,108,77,138,324,333,324,338,342,401,486,290,368,328,320,273,286,231,334,266,316,294,233,279,255,256,216,223,226,223,212,260,214,234,44,17,36,28,12,11,4,11,10,16,11,7,6,5,2,12,5,8,31,28,75,66,75,123,71,106,120,108,77,138,73,49,44,64,66,69,163,33,36,73,43,59,114,43,41,44,109,48,65,46,64,54,44,42,51,38,38,50,46,76,0
TRIMBLE,7,3,0,2,0,2,1,4,0,0,0,3,0,0,4,1,0,5,4,1,5,9,2,0,0,0,4,1,0,209,252,263,0,316,0,232,213,307,0,0,0,338,0,0,272,444,0,248,276,151,235,433,574,0,0,0,175,179,0,3,7,3,0,2,0,2,1,4,0,0,0,3,0,0,4,1,0,5,4,1,5,9,2,0,0,0,4,1,0,17,48,75,0,78,0,39,35,81,0,0,0,160,0,0,36,278,0,131,113,7,69,136,24,0,0,0,28,23,0,0
UNION,1074,840,513,675,919,391,404,373,264,41,5,5,17,8,37,2,28,20,4,11,8,9,10,9,0,3,5,1,0,274,307,290,293,245,264,266,252,276,286,261,274,260,184,184,286,229,175,260,312,181,179,215,256,244,0,141,175,235,0,816,1074,840,513,675,919,391,404,373,264,41,5,5,17,8,37,2,28,20,4,11,8,9,10,9,0,3,5,1,0,70,74,63,67,59,59,63,64,65,66,64,38,69,58,18,49,134,44,76,23,47,28,44,28,37,0,14,50,39,0,0
WARREN,17,6,8,6,12,15,9,14,2,7,0,4,3,5,0,0,2,3,0,0,2,0,0,1,3,1,26,2,1,390,480,390,374,354,260,208,219,330,404,222,0,270,415,242,0,0,256,245,0,0,196,0,0,152,244,96,188,170,287,9,17,6,8,6,12,15,9,14,2,7,0,4,3,5,0,0,2,3,0,0,2,0,0,1,3,1,26,2,1,38,104,60,58,72,58,29,66,34,42,31,0,68,75,28,0,0,45,59,0,0,42,0,0,204,36,40,44,56,189,0
WASHINGTON,0,13,3,1,6,17,2,1,0,0,1,2,0,5,0,0,4,2,5,0,3,6,0,1,2,1,1,1,3,264,0,282,166,314,322,293,350,228,0,0,287,164,0,252,0,0,310,198,229,0,431,154,0,208,168,199,207,164,201,11,0,13,3,1,6,17,2,1,0,0,1,2,0,5,0,0,4,2,5,0,3,6,0,1,2,1,1,1,3,71,0,87,86,201,122,117,102,114,0,0,102,94,0,220,0,0,160,130,78,0,202,29,0,113,84,56,89,124,87,0
WAYNE,17,10,31,29,21,30,30,54,30,21,27,27,29,25,9,18,7,26,32,23,21,13,19,29,23,28,14,1,18,370,349,318,280,328,274,268,295,306,326,246,291,199,214,204,400,274,259,400,341,305,288,339,259,279,259,254,264,225,283,24,17,10,31,29,21,30,30,54,30,21,27,27,29,25,9,18,7,26,32,23,21,13,19,29,23,28,14,1,18,70,157,164,81,81,105,82,64,98,94,54,104,60,60,62,95,93,134,146,98,137,151,163,112,151,103,110,52,27,56,0
WEBSTER,195,117,50,50,66,13,11,2,34,5,0,2,0,1,1,0,10,0,0,0,0,0,3,0,0,0,0,1,2,266,261,259,334,234,204,255,180,254,232,219,0,205,0,68,245,0,192,0,0,0,0,0,195,0,0,0,0,179,184,79,195,117,50,50,66,13,11,2,34,5,0,2,0,1,1,0,10,0,0,0,0,0,3,0,0,0,0,1,2,82,67,61,79,51,42,40,56,44,56,42,0,37,0,23,39,0,71,0,0,0,0,0,42,0,0,0,0,56,53,0
WHITLEY,2,0,0,2,0,1,0,1,1,0,2,0,0,0,3,0,1,0,0,0,0,0,1,0,7,1,0,0,2,0,219,0,0,188,0,250,0,193,322,0,287,0,0,0,228,0,294,0,0,0,0,0,370,0,153,130,0,0,122,0,2,0,0,2,0,1,0,1,1,0,2,0,0,0,3,0,1,0,0,0,0,0,1,0,7,1,0,0,2,0,14,0,0,42,0,50,0,66,175,0,66,0,0,0,34,0,76,0,0,0,0,0,184,0,36,9,0,0,16,0
WOLFE,1,0,0,1,1,1,0,0,1,0,0,5,0,0,0,0,0,0,0,0,0,0,0,0,0,0,0,0,0,224,66,0,0,300,177,99,0,0,87,0,0,191,0,0,0,0,0,0,0,0,0,0,0,0,0,0,0,0,0,2,1,0,0,1,1,1,0,0,1,0,0,5,0,0,0,0,0,0,0,0,0,0,0,0,0,0,0,0,0,135,48,0,0,255,136,61,0,0,109,0,0,18,0,0,0,0,0,0,0,0,0,0,0,0,0,0,0,0,0,0
WOODFORD,6,4,5,15,51,39,6,8,24,0,3,8,3,0,8,0,3,0,3,10,11,39,5,15,10,1,3,1,4,404,398,500,386,339,410,335,332,298,250,0,445,242,288,0,347,0,506,0,134,183,199,286,288,282,282,185,345,167,110,10,6,4,5,15,51,39,6,8,24,0,3,8,3,0,8,0,3,0,3,10,11,39,5,15,10,1,3,1,4,397,408,356,168,376,217,207,147,240,150,0,56,216,582,0,450,0,175,0,37,362,138,202,241,283,207,430,100,42,56,0
