COUNTY,1990_H,1990_L,1990_M,1990_VL,1991_H,1991_L,1991_M,1991_VL,1992_H,1992_L,1992_M,1992_VL,1993_H,1993_L,1993_M,1993_VL,1994_H,1994_L,1994_M,1994_VL,1995_H,1995_L,1995_M,1995_VL,1996_H,1996_L,1996_M,1996_VL,1997_H,1997_L,1997_M,1997_VL,1998_H,1998_L,1998_M,1998_VL,1999_H,1999_L,1999_M,1999_VL,2000_H,2000_L,2000_M,2000_VL,2001_H,2001_L,2001_M,2001_VL,2002_H,2002_L,2002_M,2002_VL,2003_H,2003_L,2003_M,2003_VL,2004_H,2004_L,2004_M,2004_VL,2005_H,2005_L,2005_M,2005_VL,2006_H,2006_L,2006_M,2006_VL,2007_H,2007_L,2007_M,2007_VL,2008_H,2008_L,2008_M,2008_VL,2009_H,2009_L,2009_M,2009_VL,2010_H,2010_L,2010_M,2010_VL,2011_H,2011_L,2011_M,2011_VL,2012_H,2012_L,2012_M,2012_VL,2013_H,2013_L,2013_M,2013_VL,2014_H,2014_L,2014_M,2014_VL,2015_H,2015_L,2015_M,2015_VL,2016_H,2016_L,2016_M,2016_VL,2017_H,2017_L,2017_M,2017_VL,2018_H,2018_L,2018_M,2018_VL,2019_H,2019_L,2019_M,2019_VL,count_1990_H,count_1990_L,count_1990_M,count_1990_VL,count_1991_H,count_1991_L,count_1991_M,count_1991_VL,count_1992_H,count_1992_L,count_1992_M,count_1992_VL,count_1993_H,count_1993_L,count_1993_M,count_1993_VL,count_1994_H,count_1994_L,count_1994_M,count_1994_VL,count_1995_H,count_1995_L,count_1995_M,count_1995_VL,count_1996_H,count_1996_L,count_1996_M,count_1996_VL,count_1997_H,count_1997_L,count_1997_M,count_1997_VL,count_1998_H,count_1998_L,count_1998_M,count_1998_VL,count_1999_H,count_1999_L,count_1999_M,count_1999_VL,count_2000_H,count_2000_L,count_2000_M,count_2000_VL,count_2001_H,count_2001_L,count_2001_M,count_2001_VL,count_2002_H,count_2002_L,count_2002_M,count_2002_VL,count_2003_H,count_2003_L,count_2003_M,count_2003_VL,count_2004_H,count_2004_L,count_2004_M,count_2004_VL,count_2005_H,count_2005_L,count_2005_M,count_2005_VL,count_2006_H,count_2006_L,count_2006_M,count_2006_VL,count_2007_H,count_2007_L,count_2007_M,count_2007_VL,count_2008_H,count_2008_L,count_2008_M,count_2008_VL,count_2009_H,count_2009_L,count_2009_M,count_2009_VL,count_2010_H,count_2010_L,count_2010_M,count_2010_VL,count_2011_H,count_2011_L,count_2011_M,count_2011_VL,count_2012_H,count_2012_L,count_2012_M,count_2012_VL,count_2013_H,count_2013_L,count_2013_M,count_2013_VL,count_2014_H,count_2014_L,count_2014_M,count_2014_VL,count_2015_H,count_2015_L,count_2015_M,count_2015_VL,count_2016_H,count_2016_L,count_2016_M,count_2016_VL,count_2017_H,count_2017_L,count_2017_M,count_2017_VL,count_2018_H,count_2018_L,count_2018_M,count_2018_VL,count_2019_H,count_2019_L,count_2019_M,count_2019_VL
ADAIR,0.0,0.0,0.0,0.0,238.0,0.0,0.0,0,0.0,0.0,0.0,0,0.0,0.0,0.0,0.0,0.0,0.0,0.0,0.0,98.67,0.0,59.0,0.0,0.0,0.0,0.0,0,117.0,0.0,45.0,0,99.33,0.0,33.5,0,0.0,0.0,0.0,0.0,73.75,0.0,36.5,0,0.0,0.0,0.0,0,111.0,8.0,0.0,0.0,117.67,0.0,54.0,0,188.62,0.0,0.0,0,87.0,12.0,46.5,0.0,110.62,20.0,49.0,0.0,170.06,17.0,51.0,0,131.52,0.0,40.0,0,203.4,0.0,42.4,0.0,183.92,23.67,46.14,0.0,192.46,19.33,43.56,0.0,121.57,24.0,44.55,0.0,144.48,19.2,45.08,0.0,122.41,23.5,46.07,0,160.35,23.75,46.79,0.0,134.59,19.17,45.77,0,145.02,20.33,40.17,0.0,194.35,20.0,41.88,0.0,157.72,18.0,46.33,4.0,0,0,0,0,1,0,0,0,0,0,0,0,0,0,0,0,0,0,0,0,3,0,1,0,0,0,0,0,1,0,1,0,3,0,2,0,0,0,0,0,4,0,2,0,0,0,0,0,5,1,0,0,3,0,1,0,8,0,0,0,2,2,2,0,16,1,7,0,17,1,2,0,21,0,1,0,15,0,5,0,24,3,7,0,28,3,16,0,44,7,22,0,46,5,13,0,29,8,15,0,34,4,19,0,27,6,22,0,42,6,12,0,26,3,17,0,18,3,12,1
ALLEN,62.0,23.0,0.0,0.0,89.33,0.0,0.0,0,0.0,24.0,49.5,0,136.78,25.0,50.8,0.0,0.0,0.0,0.0,0.0,124.1,0.0,39.36,0.0,96.22,25.0,59.0,0,92.0,0.0,0.0,0,76.33,18.0,49.0,0,79.5,0.0,0.0,0.0,144.0,0.0,0.0,0,133.0,0.0,0.0,0,0.0,14.0,37.5,0.0,67.0,0.0,31.0,0,0.0,21.0,41.0,0,164.25,0.0,38.0,0.0,77.6,0.0,51.0,0.0,176.75,0.0,0.0,0,114.0,0.0,0.0,0,83.0,0.0,38.0,0.0,127.0,0.0,0.0,0.0,0.0,0.0,43.0,0.0,0.0,0.0,0.0,0.0,0.0,0.0,0.0,0.0,0.0,0.0,0.0,0,88.67,24.0,39.0,0.0,131.0,25.0,52.33,0,158.25,19.0,42.5,0.0,109.25,17.0,39.09,0.0,652.0,0.0,0.0,0.0,1,4,0,0,3,0,0,0,0,1,2,0,9,1,5,0,0,0,0,0,10,0,11,0,9,1,1,0,2,0,0,0,3,1,1,0,2,0,0,0,1,0,0,0,4,0,0,0,0,1,2,0,2,0,1,0,0,1,1,0,4,0,4,0,5,0,1,0,4,0,0,0,1,0,0,0,1,0,1,0,1,0,0,0,0,0,2,0,0,0,0,0,0,0,0,0,0,0,0,0,3,1,2,0,1,1,3,0,4,1,8,0,4,3,11,0,1,0,0,0
ANDERSON,0.0,0.0,0.0,0.0,352.67,26.33,48.67,0,0.0,0.0,52.0,0,0.0,0.0,53.0,0.0,500.0,0.0,0.0,0.0,0.0,0.0,0.0,0.0,0.0,0.0,0.0,0,0.0,0.0,0.0,0,0.0,0.0,0.0,0,327.0,0.0,0.0,0.0,0.0,0.0,0.0,0,324.75,0.0,0.0,0,132.0,0.0,38.0,0.0,313.5,0.0,0.0,0,210.33,0.0,45.0,0,291.14,0.0,0.0,0.0,306.0,0.0,0.0,0.0,0.0,0.0,0.0,0,318.62,0.0,0.0,0,255.5,0.0,0.0,0.0,292.11,0.0,0.0,0.0,400.0,0.0,0.0,0.0,388.6,0.0,59.0,0.0,280.81,0.0,50.0,0.0,276.29,0.0,0.0,0,280.79,20.0,0.0,0.0,451.06,0.0,49.0,0,376.21,0.0,60.0,0.0,1156.0,22.0,43.5,0.0,372.91,16.0,0.0,0.0,0,0,0,0,6,3,3,0,0,0,1,0,0,0,1,0,1,0,0,0,0,0,0,0,0,0,0,0,0,0,0,0,0,0,0,0,2,0,0,0,0,0,0,0,4,0,0,0,3,0,1,0,2,0,0,0,3,0,1,0,7,0,0,0,2,0,0,0,0,0,0,0,8,0,0,0,2,0,0,0,18,0,0,0,7,0,0,0,15,0,1,0,27,0,1,0,7,0,0,0,14,1,0,0,16,0,2,0,24,0,1,0,2,1,2,0,11,1,0,0
BALLARD,104.72,27.0,47.11,0.0,96.95,18.5,45.0,0,78.33,18.0,40.14,0,106.24,22.0,44.71,0.0,108.4,0.0,46.3,0.0,104.03,20.0,47.85,0.0,112.46,13.0,45.43,0,113.47,18.33,46.43,5,105.08,21.78,44.6,0,113.42,25.5,43.8,0.0,89.46,19.25,42.89,0,125.22,22.11,45.88,0,92.65,25.5,40.65,0.0,114.85,22.83,45.28,0,122.53,21.3,42.48,0,91.52,20.56,46.08,0.0,109.83,24.15,38.93,0.0,105.06,22.33,44.86,0,95.92,22.69,42.93,0,97.23,20.38,44.21,0.0,103.28,24.45,42.9,0.0,107.53,0.0,45.5,0.0,85.11,23.0,44.35,0.0,85.75,24.0,49.0,0.0,99.55,0.0,41.07,0,92.38,0.0,46.17,0.0,219.08,24.5,41.2,0,82.78,21.0,42.03,0.0,88.59,23.0,40.24,0.0,97.43,25.0,39.89,0.0,39,1,18,0,20,2,14,0,3,1,7,0,34,3,21,0,20,0,10,0,32,2,20,0,35,1,23,0,47,6,35,1,50,9,52,0,69,6,49,0,26,16,36,0,60,9,49,0,34,4,46,0,52,6,72,0,51,10,66,0,40,9,53,0,12,13,60,0,36,12,71,0,48,16,82,0,13,13,52,0,50,11,80,0,32,0,32,0,53,9,68,0,4,1,3,0,11,0,15,0,8,0,12,0,12,2,10,0,9,1,30,0,17,5,25,0,7,1,18,0
BARREN,141.33,23.0,41.0,0.0,132.71,23.0,40.43,0,120.05,20.5,50.0,0,110.4,26.0,49.0,0.0,96.47,23.0,43.67,0.0,135.43,0.0,47.42,0.0,110.12,0.0,45.14,0,116.8,18.75,37.25,0,87.0,0.0,43.0,0,0.0,0.0,0.0,0.0,91.0,19.5,0.0,0,139.0,0.0,54.0,0,202.0,0.0,58.0,0.0,0.0,0.0,0.0,0,116.0,14.0,43.0,0,106.82,23.8,43.45,0.0,125.78,0.0,0.0,0.0,254.73,0.0,46.2,0,111.2,22.6,42.54,0,157.95,12.0,45.78,0.0,205.33,0.0,60.0,0.0,132.13,17.67,42.46,0.0,143.41,18.44,42.21,0.0,117.6,18.5,39.75,0.0,84.0,0.0,46.56,0,85.75,25.0,59.0,0.0,187.17,0.0,49.33,0,174.2,18.5,44.08,0.0,121.17,0.0,41.57,0.0,236.0,0.0,0.0,0.0,12,2,2,0,17,2,7,0,20,2,8,0,10,2,2,0,15,1,6,0,7,0,12,0,8,0,7,0,5,4,4,0,4,0,1,0,0,0,0,0,3,4,0,0,2,0,1,0,5,0,1,0,0,0,0,0,17,1,4,0,17,5,11,0,9,0,0,0,26,0,15,0,5,5,13,0,19,1,18,0,6,0,1,0,38,3,13,0,49,9,34,0,10,2,4,0,7,0,9,0,4,1,1,0,6,0,6,0,5,2,13,0,6,0,7,0,2,0,0,0
BATH,114.62,19.6,42.0,0.0,120.67,0.0,60.0,0,120.67,20.25,41.56,0,96.0,23.5,0.0,0.0,0.0,19.5,42.33,0.0,86.67,18.0,0.0,0.0,90.67,13.5,44.75,0,82.0,19.0,45.25,0,118.88,20.5,42.93,0,72.0,18.0,43.5,0.0,92.33,0.0,37.0,0,168.67,18.0,44.2,0,101.86,20.0,41.86,0.0,82.0,0.0,40.38,0,82.33,27.0,49.0,0,129.33,20.0,44.67,5.0,106.67,13.67,47.2,0.0,190.33,20.43,33.5,0,115.88,19.5,40.94,0,116.0,20.0,31.17,0.0,101.91,17.33,44.86,0.0,159.6,21.5,39.4,0.0,95.08,22.5,45.4,0.0,93.6,19.78,44.12,0.0,133.25,24.33,41.67,0,145.52,22.9,39.86,3.5,134.31,15.25,43.61,0,109.86,20.5,55.5,0.0,105.67,22.75,39.57,0.0,86.0,26.0,35.0,0.0,8,5,10,0,3,0,1,0,6,4,9,0,3,2,0,0,0,2,3,0,3,1,0,0,3,2,4,0,3,2,4,0,8,8,14,0,1,1,2,0,3,0,2,0,3,2,5,0,7,3,7,0,3,0,8,0,3,1,5,0,3,2,12,1,3,3,5,0,6,7,2,0,24,6,16,0,7,2,6,0,11,6,21,0,10,4,10,0,12,4,5,0,15,9,16,0,8,6,6,0,21,10,28,2,13,4,18,0,7,2,2,0,9,4,7,0,2,1,1,0
BELL,0.0,0.0,0.0,0.0,0.0,0.0,0.0,0,0.0,0.0,0.0,0,0.0,0.0,0.0,0.0,0.0,0.0,0.0,0.0,0.0,0.0,0.0,0.0,0.0,0.0,0.0,0,0.0,0.0,0.0,0,0.0,0.0,0.0,0,0.0,0.0,0.0,0.0,0.0,0.0,0.0,0,0.0,0.0,0.0,0,0.0,0.0,0.0,0.0,0.0,0.0,0.0,0,0.0,0.0,0.0,0,0.0,0.0,0.0,0.0,0.0,0.0,0.0,0.0,0.0,0.0,0.0,0,0.0,0.0,0.0,0,0.0,0.0,0.0,0.0,0.0,0.0,0.0,0.0,0.0,0.0,0.0,0.0,0.0,0.0,0.0,0.0,0.0,0.0,0.0,0.0,0.0,0.0,0.0,0,0.0,0.0,0.0,0.0,0.0,0.0,0.0,0,0.0,0.0,0.0,0.0,0.0,0.0,55.0,0.0,0.0,0.0,0.0,0.0,0,0,0,0,0,0,0,0,0,0,0,0,0,0,0,0,0,0,0,0,0,0,0,0,0,0,0,0,0,0,0,0,0,0,0,0,0,0,0,0,0,0,0,0,0,0,0,0,0,0,0,0,0,0,0,0,0,0,0,0,0,0,0,0,0,0,0,0,0,0,0,0,0,0,0,0,0,0,0,0,0,0,0,0,0,0,0,0,0,0,0,0,0,0,0,0,0,0,0,0,0,0,0,0,0,0,0,0,0,0,0,0,0,0,1,0,0,0,0,0
BOONE,98.0,18.0,42.17,0.0,155.0,14.0,48.5,0,114.33,13.5,52.0,0,91.6,14.6,48.17,0.0,144.4,26.0,44.0,0.0,145.41,17.0,50.22,0.0,171.75,21.25,41.29,0,96.78,16.0,47.8,0,155.16,0.0,56.25,0,93.88,0.0,48.25,0.0,0.0,0.0,0.0,0,148.54,22.0,40.38,0,74.5,0.0,38.0,0.0,143.22,15.33,29.0,0,158.45,0.0,41.2,0,143.57,0.0,53.0,0.0,154.87,22.57,42.6,0.0,150.0,0.0,43.62,0,145.64,0.0,42.5,0,165.18,0.0,46.0,0.0,148.03,23.0,43.17,0.0,91.0,15.8,45.67,0.0,213.21,21.5,46.31,0.0,125.75,16.5,43.09,0.0,280.87,18.0,45.29,0,143.75,15.5,41.5,0.0,121.6,18.71,42.17,0,107.33,20.67,42.17,0.0,198.83,23.33,43.0,0.0,117.29,26.0,46.36,0.0,4,1,6,0,6,1,6,0,9,2,2,0,5,5,6,0,10,1,1,0,17,1,9,0,16,4,7,0,9,1,5,0,31,0,4,0,8,0,4,0,0,0,0,0,24,1,8,0,2,0,3,0,18,3,1,0,38,0,10,0,7,0,2,0,15,7,5,0,15,0,8,0,11,0,6,0,17,0,3,0,37,2,6,0,5,5,6,0,19,6,13,0,12,8,11,0,15,2,7,0,8,2,2,0,20,7,6,0,9,3,6,0,18,3,6,0,24,1,11,0
BOURBON,235.7,21.0,43.75,3.0,259.77,24.5,37.67,0,203.71,24.0,42.3,0,240.48,9.0,44.2,0.0,263.89,23.71,42.6,0.0,228.85,23.33,40.26,0.0,240.61,20.33,44.89,0,213.72,20.25,45.38,0,164.7,20.67,44.64,0,183.43,0.0,50.67,0.0,257.52,0.0,35.5,0,239.5,0.0,0.0,0,208.17,0.0,35.0,0.0,244.04,0.0,38.0,0,187.67,0.0,43.5,0,160.0,0.0,45.43,0.0,249.24,0.0,46.09,0.0,243.94,0.0,47.1,0,250.84,20.67,46.38,0,239.89,23.25,45.46,0.0,193.23,26.0,44.61,0.0,237.28,23.33,45.58,0.0,176.53,24.33,43.22,0.0,236.21,22.0,46.38,0.0,207.22,20.18,43.78,0,211.03,17.0,48.31,0.0,214.93,19.0,45.64,0,224.83,23.67,41.57,0.0,202.45,21.0,43.15,0.0,265.95,25.0,41.78,0.0,46,3,4,1,13,2,6,0,21,1,10,0,48,1,15,0,45,7,15,0,102,3,19,0,61,6,9,0,82,4,16,0,53,6,25,0,28,0,6,0,21,0,2,0,22,0,0,0,6,0,3,0,27,0,3,0,6,0,2,0,10,0,7,0,29,0,11,0,51,0,10,0,38,3,13,0,38,4,13,0,70,1,18,0,65,6,24,0,88,6,27,0,90,2,40,0,120,11,51,0,35,1,16,0,29,2,14,0,46,3,7,0,40,4,13,0,38,1,9,0
BOYD,0.0,19.67,57.0,0.0,0.0,0.0,0.0,0,98.0,0.0,0.0,0,126.0,0.0,32.0,0.0,0.0,0.0,0.0,0.0,0.0,0.0,0.0,0.0,0.0,0.0,0.0,0,0.0,0.0,0.0,0,0.0,0.0,0.0,0,0.0,0.0,0.0,0.0,0.0,0.0,0.0,0,0.0,18.0,44.0,0,0.0,21.0,0.0,0.0,108.0,0.0,0.0,0,0.0,0.0,0.0,0,0.0,0.0,0.0,0.0,0.0,0.0,0.0,0.0,0.0,0.0,56.0,0,0.0,0.0,0.0,0,144.0,0.0,30.0,0.0,0.0,0.0,0.0,0.0,103.0,15.0,0.0,0.0,151.4,15.2,36.17,0.0,203.0,26.0,32.0,0.0,356.0,0.0,47.0,0,0.0,6.0,0.0,0.0,0.0,0.0,0.0,0,0.0,0.0,0.0,0.0,0.0,0.0,39.0,0.0,0.0,0.0,0.0,0.0,0,3,1,0,0,0,0,0,1,0,0,0,4,0,1,0,0,0,0,0,0,0,0,0,0,0,0,0,0,0,0,0,0,0,0,0,0,0,0,0,0,0,0,0,0,1,2,0,0,1,0,0,1,0,0,0,0,0,0,0,0,0,0,0,0,0,0,0,0,0,1,0,0,0,0,0,1,0,1,0,0,0,0,0,1,2,0,0,5,15,6,0,1,2,1,0,1,0,1,0,0,1,0,0,0,0,0,0,0,0,0,0,0,0,1,0,0,0,0,0
BOYLE,231.94,24.0,39.0,0.0,164.06,19.5,48.53,0,146.9,27.0,52.6,0,248.12,0.0,50.86,0.0,199.37,24.0,45.4,0.0,125.88,0.0,40.25,0.0,65.0,0.0,0.0,0,0.0,0.0,0.0,0,194.88,0.0,54.0,0,202.0,0.0,42.5,0.0,0.0,0.0,0.0,0,120.25,26.0,29.0,0,201.0,0.0,0.0,0.0,0.0,0.0,0.0,0,151.73,0.0,36.0,0,196.17,20.0,0.0,0.0,227.0,0.0,0.0,0.0,103.0,0.0,41.86,0,189.18,21.33,46.33,0,169.58,27.0,51.25,0.0,125.82,25.0,42.33,0.0,315.81,22.67,39.86,0.0,288.92,19.14,41.75,0.0,142.56,26.0,51.82,0.0,215.58,0.0,44.11,0,190.89,8.0,44.33,0.0,207.11,17.0,54.0,0,192.57,0.0,44.82,0.0,112.5,27.0,41.0,0.0,167.87,23.0,43.64,0.0,17,1,4,0,34,4,17,0,29,1,5,0,25,0,7,0,35,1,10,0,16,0,4,0,2,0,0,0,0,0,0,0,8,0,1,0,1,0,2,0,0,0,0,0,4,2,1,0,2,0,0,0,0,0,0,0,15,0,1,0,6,1,0,0,1,0,0,0,5,0,7,0,22,3,6,0,19,1,4,0,11,1,6,0,54,3,14,0,53,7,8,0,25,1,11,0,24,0,9,0,19,1,3,0,9,2,3,0,14,0,11,0,2,1,5,0,23,1,11,0
BRACKEN,0.0,0.0,0.0,0.0,0.0,0.0,0.0,0,0.0,0.0,0.0,0,0.0,0.0,0.0,0.0,0.0,0.0,0.0,0.0,0.0,0.0,0.0,0.0,223.4,25.0,0.0,0,0.0,0.0,0.0,0,0.0,0.0,0.0,0,0.0,17.0,0.0,0.0,98.0,0.0,0.0,0,0.0,0.0,0.0,0,0.0,0.0,0.0,0.0,0.0,0.0,0.0,0,447.67,0.0,0.0,0,0.0,0.0,0.0,0.0,115.9,0.0,0.0,0.0,0.0,0.0,0.0,0,122.75,0.0,0.0,0,130.0,16.0,56.0,0.0,0.0,0.0,28.0,0.0,0.0,0.0,0.0,0.0,80.33,0.0,0.0,0.0,167.6,24.29,39.64,0.0,125.29,24.0,44.0,0,116.62,22.5,37.2,0.0,172.5,0.0,39.0,0,146.6,0.0,38.0,0.0,214.8,23.5,43.0,0.0,166.02,19.43,47.57,0.0,0,0,0,0,0,0,0,0,0,0,0,0,0,0,0,0,0,0,0,0,0,0,0,0,5,1,0,0,0,0,0,0,0,0,0,0,0,1,0,0,1,0,0,0,0,0,0,0,0,0,0,0,0,0,0,0,3,0,0,0,0,0,0,0,10,0,0,0,0,0,0,0,4,0,0,0,1,1,1,0,0,0,2,0,0,0,0,0,3,0,0,0,5,7,11,0,17,1,8,0,13,2,5,0,8,0,1,0,5,0,1,0,5,2,2,0,80,7,23,0
BREATHITT,0.0,0.0,0.0,0.0,0.0,0.0,0.0,0,209.0,8.0,0.0,0,0.0,0.0,0.0,0.0,0.0,0.0,0.0,0.0,0.0,0.0,0.0,0.0,0.0,0.0,0.0,0,0.0,0.0,0.0,0,0.0,0.0,0.0,0,0.0,0.0,0.0,0.0,0.0,0.0,0.0,0,0.0,0.0,0.0,0,0.0,0.0,0.0,0.0,0.0,0.0,0.0,0,0.0,0.0,0.0,0,0.0,0.0,0.0,0.0,0.0,18.0,0.0,0.0,0.0,0.0,0.0,0,0.0,0.0,0.0,0,0.0,0.0,0.0,0.0,0.0,0.0,0.0,0.0,0.0,0.0,0.0,0.0,0.0,11.75,0.0,2.5,0.0,0.0,0.0,0.0,0.0,0.0,0.0,0,0.0,0.0,0.0,0.0,86.0,0.0,0.0,0,0.0,23.5,49.0,0.0,0.0,17.4,35.0,0.0,0.0,0.0,0.0,0.0,0,0,0,0,0,0,0,0,1,1,0,0,0,0,0,0,0,0,0,0,0,0,0,0,0,0,0,0,0,0,0,0,0,0,0,0,0,0,0,0,0,0,0,0,0,0,0,0,0,0,0,0,0,0,0,0,0,0,0,0,0,0,0,0,0,1,0,0,0,0,0,0,0,0,0,0,0,0,0,0,0,0,0,0,0,0,0,0,0,4,0,2,0,0,0,0,0,0,0,0,0,0,0,0,1,0,0,0,0,2,2,0,0,5,1,0,0,0,0,0
BRECKINRIDGE,151.43,20.0,39.0,0.0,98.81,21.67,47.73,0,135.04,21.0,49.88,0,105.32,14.71,44.85,1.0,106.55,27.0,44.5,0.0,108.24,23.25,46.06,0.0,116.25,21.8,43.96,0,113.46,21.0,41.75,0,112.21,13.7,42.27,0,125.13,21.31,47.34,0.0,101.71,18.25,41.55,0,102.63,17.14,48.58,4,97.27,19.92,43.24,4.5,93.68,18.5,41.33,0,172.38,19.74,44.37,0,112.05,19.91,43.98,0.0,141.18,18.7,41.31,0.0,149.04,19.54,44.78,0,118.6,20.55,43.23,0,115.99,20.18,43.54,0.0,121.04,18.76,45.11,5.0,124.58,19.81,43.77,0.0,117.32,19.91,43.32,2.8,115.37,20.75,44.4,0.0,107.87,21.87,43.67,0,115.3,20.3,43.93,0.0,102.58,19.96,42.53,4,108.71,20.22,43.47,0.0,110.2,21.65,44.25,0.0,96.88,21.66,41.2,0.0,7,3,7,0,16,3,11,0,26,2,17,0,37,7,20,1,20,1,8,0,17,4,16,0,28,5,27,0,24,3,16,0,34,10,15,0,75,13,32,0,56,16,31,0,46,14,38,2,74,40,80,2,22,6,18,0,63,31,83,0,105,23,98,0,50,56,77,0,49,24,65,0,73,22,84,0,141,39,95,0,75,45,104,1,83,32,90,0,359,78,222,5,338,96,299,0,299,70,270,0,202,61,216,0,188,115,315,1,196,76,238,0,183,51,227,0,198,94,329,0
BULLITT,109.8,19.0,40.39,0.0,161.2,19.33,40.3,0,137.0,12.67,47.0,5,118.3,14.83,43.95,4.5,113.55,19.67,42.14,0.0,97.78,17.1,43.27,0.0,559.2,16.0,46.77,5,118.05,19.43,47.09,0,117.15,18.96,44.88,0,139.3,19.25,40.67,0.0,182.43,20.33,48.0,0,119.24,16.33,43.17,0,137.0,16.0,41.0,0.0,0.0,23.5,0.0,0,132.55,19.0,46.29,0,143.45,18.5,38.69,0.0,92.9,21.5,45.0,0.0,114.22,13.17,44.0,0,114.29,15.0,40.47,0,121.31,16.0,44.78,0.0,155.75,16.67,39.38,0.0,100.76,21.5,39.04,0.0,111.44,17.0,40.15,0.0,162.14,17.27,33.33,0.0,120.82,14.91,41.78,5,181.0,11.18,41.33,0.0,104.53,16.62,37.86,5,157.5,13.86,43.6,0.0,132.0,23.33,41.33,0.0,126.46,16.83,44.0,0.0,10,6,18,0,5,3,10,0,2,9,2,1,23,12,20,2,11,12,7,0,23,10,15,0,5,4,13,1,20,7,11,0,41,23,24,0,10,8,6,0,7,3,3,0,21,3,23,0,7,1,2,0,0,2,0,0,11,2,7,0,11,4,13,0,10,4,6,0,9,6,3,0,14,3,15,0,13,2,9,0,24,6,13,0,25,4,25,0,18,31,27,0,29,11,3,0,17,11,23,3,4,17,3,0,32,13,14,1,2,7,5,0,2,3,6,0,13,6,13,0
BUTLER,94.5,0.0,47.67,4.0,98.11,21.0,48.64,0,93.29,15.5,44.26,0,71.2,18.75,43.73,0.0,106.73,23.0,48.86,0.0,143.67,19.0,39.4,0.0,87.4,0.0,48.33,0,100.0,17.0,47.75,0,0.0,14.0,35.4,0,102.84,21.5,45.24,0.0,86.56,14.8,44.1,0,118.57,19.5,46.58,0,176.71,16.36,41.6,0.0,0.0,22.33,45.25,5,88.86,17.75,45.56,0,117.9,20.33,41.42,0.0,102.18,19.44,36.5,0.0,134.83,21.67,42.71,0,85.5,22.86,41.41,5,96.09,19.5,41.04,0.0,119.93,15.67,39.61,0.0,186.93,16.75,37.22,0.0,83.25,17.92,46.0,5.0,100.0,15.0,35.67,0.0,126.67,18.09,38.08,0,74.33,24.0,41.88,0.0,75.0,21.64,36.07,0,66.0,19.75,37.0,0.0,70.67,0.0,35.67,0.0,94.33,15.75,42.29,0.0,16,0,12,1,9,1,11,0,24,6,31,0,5,4,11,0,11,1,7,0,3,5,5,0,10,0,6,0,6,1,4,0,0,4,5,0,19,4,17,0,9,5,10,0,30,4,24,0,14,14,15,0,0,3,4,1,7,4,9,0,48,6,19,0,11,9,14,0,24,3,14,0,6,14,39,1,22,8,24,0,15,9,18,0,15,8,9,0,4,12,12,1,2,2,3,0,3,11,12,0,3,9,8,0,1,11,15,0,4,8,1,0,3,0,3,0,3,4,7,0
CALDWELL,100.86,18.86,43.04,0.0,88.9,19.08,43.04,0,92.75,20.18,42.58,0,115.0,19.14,48.45,0.0,112.43,24.67,38.31,0.0,95.73,21.2,38.83,0.0,100.0,18.29,46.5,3,101.89,16.45,44.61,0,102.58,16.89,44.0,3,84.12,19.5,39.59,0.0,130.56,15.79,42.48,5,92.94,17.62,42.04,5,196.56,16.75,44.0,4.0,103.0,20.86,40.58,0,87.33,17.93,44.2,0,128.68,18.0,42.06,4.0,92.98,17.57,42.88,4.4,124.81,18.8,38.79,0,196.85,18.32,41.27,0,131.74,16.94,40.25,0.0,144.45,17.12,45.41,5.0,115.1,16.96,43.69,5.0,130.41,16.98,42.85,0.0,106.5,13.56,38.0,3.0,112.0,17.14,35.62,0,149.0,16.41,39.0,5.0,80.5,18.14,39.96,0,73.44,18.1,40.26,0.0,142.25,18.29,40.0,0.0,102.42,16.53,46.0,0.0,14,7,23,0,51,12,48,0,24,11,31,0,15,7,11,0,7,3,16,0,11,5,18,0,22,7,18,1,19,20,23,0,26,27,15,1,16,6,17,0,18,29,33,1,18,21,23,1,9,4,15,4,3,7,12,0,9,14,10,0,47,48,53,2,57,47,58,5,31,55,70,0,34,25,30,0,69,64,69,0,172,48,64,1,125,84,166,1,204,66,103,0,6,16,15,1,2,28,13,0,2,27,9,2,28,35,48,0,9,21,31,0,8,17,14,0,19,17,24,0
CALLOWAY,108.23,17.8,50.81,0.0,111.36,0.0,50.2,0,104.02,22.0,42.94,0,100.59,0.0,43.4,0.0,83.6,23.0,49.0,0.0,109.67,17.0,46.3,0.0,113.5,21.0,44.44,0,100.89,18.67,43.0,0,149.2,24.0,0.0,0,138.95,18.0,44.1,0.0,176.12,0.0,44.0,5,129.65,0.0,39.4,0,155.45,20.2,40.0,0.0,144.08,16.2,42.38,0,125.62,24.33,46.32,0,109.08,23.0,43.96,0.0,140.42,20.25,42.85,0.0,124.25,20.22,46.13,0,108.16,22.0,47.52,0,104.75,22.25,40.08,0.0,215.9,21.3,42.71,0.0,105.2,21.31,42.48,0.0,83.0,18.23,40.3,0.0,432.06,0.0,46.89,0.0,93.08,23.67,41.7,0,109.78,0.0,41.11,0.0,104.8,19.0,44.21,0,147.75,23.56,46.09,0.0,105.69,20.5,45.14,0.0,0.0,18.0,40.75,0.0,56,5,16,0,22,0,5,0,46,4,16,0,17,0,15,0,10,2,5,0,24,2,10,0,16,2,16,0,18,3,11,0,15,2,0,0,22,4,10,0,16,0,2,1,20,0,5,0,29,5,6,0,12,5,8,0,45,3,19,0,92,13,68,0,38,4,13,0,133,9,61,0,31,8,25,0,16,4,13,0,83,20,76,0,83,16,42,0,10,13,10,0,18,0,9,0,26,6,30,0,32,0,9,0,20,2,14,0,63,9,23,0,13,2,21,0,0,2,4,0
CAMPBELL,212.0,25.0,0.0,0.0,208.8,19.0,50.33,0,115.71,15.33,48.33,0,97.83,16.67,43.0,0.0,0.0,8.0,46.75,0.0,101.17,0.0,41.0,0.0,72.0,20.5,32.0,0,90.4,15.5,42.5,0,121.24,0.0,49.5,0,90.33,0.0,51.57,0.0,114.7,0.0,57.0,0,88.0,23.0,48.5,0,129.0,7.0,48.0,0.0,151.0,0.0,40.0,0,123.2,0.0,45.25,0,119.0,0.0,47.0,0.0,79.2,0.0,0.0,0.0,173.8,0.0,28.0,0,191.0,0.0,41.33,0,112.33,23.5,54.67,0.0,85.0,18.0,54.0,0.0,131.0,25.0,46.5,0.0,69.0,26.0,38.0,0.0,165.06,0.0,48.88,0.0,87.0,18.5,40.0,0,106.67,22.0,49.67,0.0,114.08,23.0,39.25,0,0.0,15.0,37.0,0.0,127.57,26.5,42.5,0.0,86.75,22.5,39.5,0.0,1,1,0,0,5,2,3,0,7,3,3,0,6,3,7,0,0,1,4,0,6,0,2,0,2,2,1,0,10,2,2,0,17,0,8,0,3,0,7,0,10,0,1,0,4,1,2,0,5,1,2,0,1,0,1,0,15,0,4,0,1,0,3,0,5,0,0,0,10,0,1,0,4,0,3,0,3,2,3,0,3,1,2,0,20,3,2,0,1,1,1,0,17,0,8,0,4,2,3,0,3,1,3,0,13,1,4,0,0,1,2,0,7,2,2,0,4,2,2,0
CARLISLE,107.65,21.5,46.59,3.0,125.22,20.5,46.36,0,111.29,24.0,46.65,0,103.03,19.0,45.98,0.0,98.9,18.5,45.9,0.0,102.88,18.43,46.4,0.0,81.2,0.0,51.44,0,91.6,12.0,34.5,0,105.87,0.0,46.43,0,122.5,12.0,45.55,0.0,123.8,27.0,49.0,0,108.3,26.0,49.5,0,82.8,0.0,34.0,0.0,67.33,0.0,0.0,0,88.0,0.0,42.75,0,102.85,24.0,44.49,0.0,164.43,12.0,37.25,0.0,83.33,19.67,51.5,0,94.24,20.67,41.11,0,64.0,22.0,40.67,0.0,120.05,23.6,41.59,0.0,125.21,22.83,43.22,0.0,134.33,22.0,49.0,0.0,139.62,0.0,0.0,0.0,0.0,19.0,0.0,0,172.23,21.5,41.25,0.0,99.33,0.0,51.75,0,247.0,0.0,36.22,0.0,0.0,0.0,0.0,0.0,0.0,0.0,0.0,0.0,43,2,17,1,85,2,28,0,65,1,17,0,66,2,43,0,10,2,10,0,26,7,15,0,5,0,9,0,5,3,4,0,23,0,7,0,8,1,11,0,20,1,4,0,20,2,10,0,5,0,1,0,3,0,0,0,3,0,4,0,68,5,53,0,7,2,4,0,6,9,2,0,21,3,27,0,1,2,9,0,63,5,34,0,66,6,32,0,15,1,1,0,8,0,0,0,0,1,0,0,13,2,4,0,3,0,4,0,1,0,9,0,0,0,0,0,0,0,0,0
CARROLL,365.0,0.0,0.0,0.0,203.4,0.0,0.0,0,0.0,21.0,38.33,0,189.0,0.0,0.0,0.0,0.0,0.0,0.0,0.0,205.0,0.0,0.0,0.0,158.5,0.0,0.0,0,138.25,0.0,0.0,0,341.0,0.0,0.0,0,203.3,0.0,0.0,0.0,0.0,0.0,0.0,0,176.0,0.0,0.0,0,388.8,0.0,0.0,0.0,0.0,0.0,0.0,0,581.0,0.0,0.0,0,191.33,0.0,0.0,0.0,0.0,0.0,0.0,0.0,151.0,0.0,0.0,0,280.14,0.0,31.0,0,193.23,0.0,43.4,0.0,211.0,0.0,48.0,0.0,247.48,0.0,29.0,0.0,242.94,18.0,47.0,0.0,114.4,22.6,41.88,0.0,185.14,0.0,44.0,0,113.91,0.0,53.0,0.0,156.5,0.0,55.0,0,91.75,0.0,30.0,0.0,153.67,0.0,0.0,0.0,135.75,25.0,58.0,0.0,2,0,0,0,5,0,0,0,0,1,6,0,1,0,0,0,0,0,0,0,5,0,0,0,2,0,0,0,4,0,0,0,1,0,0,0,10,0,0,0,0,0,0,0,1,0,0,0,10,0,0,0,0,0,0,0,2,0,0,0,6,0,0,0,0,0,0,0,1,0,0,0,7,0,3,0,22,0,5,0,27,0,6,0,23,0,1,0,17,3,3,0,5,5,8,0,7,0,1,0,11,0,1,0,14,0,1,0,4,0,2,0,3,0,0,0,4,1,1,0
CARTER,0.0,0.0,0.0,0.0,0.0,0.0,0.0,0,0.0,0.0,0.0,0,0.0,0.0,0.0,0.0,0.0,0.0,0.0,0.0,0.0,0.0,55.0,0.0,0.0,0.0,0.0,0,0.0,0.0,0.0,0,0.0,0.0,0.0,0,0.0,0.0,0.0,0.0,0.0,0.0,0.0,0,0.0,0.0,0.0,0,0.0,0.0,0.0,0.0,0.0,0.0,0.0,0,0.0,0.0,0.0,0,111.0,0.0,34.5,0.0,0.0,0.0,0.0,0.0,0.0,16.0,0.0,0,0.0,0.0,0.0,0,64.0,0.0,39.5,0.0,75.0,0.0,43.0,0.0,190.0,0.0,0.0,0.0,0.0,0.0,0.0,0.0,0.0,0.0,0.0,0.0,0.0,0.0,43.0,0,0.0,0.0,29.0,0.0,0.0,0.0,32.0,0,124.0,0.0,0.0,0.0,0.0,0.0,0.0,0.0,0.0,10.0,0.0,0.0,0,0,0,0,0,0,0,0,0,0,0,0,0,0,0,0,0,0,0,0,0,0,1,0,0,0,0,0,0,0,0,0,0,0,0,0,0,0,0,0,0,0,0,0,0,0,0,0,0,0,0,0,0,0,0,0,0,0,0,0,1,0,2,0,0,0,0,0,0,2,0,0,0,0,0,0,3,0,2,0,1,0,1,0,6,0,0,0,0,0,0,0,0,0,0,0,0,0,1,0,0,0,1,0,0,0,1,0,1,0,0,0,0,0,0,0,0,2,0,0
CASEY,142.83,0.0,38.5,0.0,99.33,0.0,41.0,0,94.33,26.0,36.75,0,0.0,0.0,39.75,0.0,0.0,0.0,46.0,0.0,0.0,0.0,0.0,0.0,0.0,0.0,0.0,0,299.0,0.0,0.0,0,160.21,22.71,45.39,0,111.25,25.0,44.83,0.0,108.0,19.5,42.8,0,105.5,15.5,39.45,0,134.6,25.5,42.2,0.0,80.0,0.0,51.5,0,103.5,17.0,45.0,0,82.0,18.0,38.4,0.0,85.0,0.0,40.0,0.0,86.0,23.5,41.8,0,176.82,19.0,40.8,0,125.89,22.0,42.69,0.0,108.0,23.0,43.0,0.0,133.11,22.5,41.87,0.0,113.78,19.0,42.58,0.0,164.64,21.0,43.73,0.0,127.02,19.88,40.38,0,101.83,16.5,41.16,0.0,123.71,0.0,42.29,0,180.67,0.0,48.73,0.0,131.07,20.33,45.2,0.0,114.33,27.0,41.0,0.0,6,0,2,0,3,0,2,0,3,1,4,0,0,0,4,0,0,0,2,0,0,0,0,0,0,0,0,0,1,0,0,0,14,7,23,0,4,2,6,0,4,2,10,0,2,2,11,0,10,2,5,0,1,0,2,0,4,1,3,0,1,1,5,0,1,0,2,0,1,2,10,0,11,5,10,0,19,1,16,0,7,1,5,0,19,2,15,0,23,4,12,0,28,5,15,0,45,16,26,0,18,2,19,0,21,0,17,0,12,0,15,0,14,3,10,0,6,1,12,0
CHRISTIAN,137.67,21.5,46.08,0.0,115.95,18.0,41.44,5,121.81,21.23,40.68,0,115.54,15.5,44.15,0.0,167.33,0.0,38.0,0.0,117.82,20.0,40.8,0.0,94.29,24.33,42.44,0,102.95,19.0,38.23,0,94.9,19.56,42.77,4,84.47,15.0,52.25,0.0,93.0,13.5,42.5,4,163.12,19.4,45.5,0,63.5,0.0,42.5,0.0,92.25,18.0,35.0,0,116.8,18.67,52.0,0,128.8,26.5,48.33,0.0,77.25,17.6,36.33,0.0,73.0,26.0,53.5,3,95.14,19.94,41.14,0,108.67,22.0,31.0,0.0,129.25,16.0,44.6,0.0,84.0,13.42,37.67,4.0,190.0,8.0,0.0,0.0,0.0,0.0,0.0,0.0,117.67,17.5,36.25,0,111.25,0.0,43.0,0.0,146.7,18.6,42.0,0,82.5,0.0,41.5,0.0,0.0,0.0,31.0,0.0,85.67,0.0,36.0,0.0,27,2,13,0,22,8,9,1,32,22,22,0,13,2,13,0,3,0,5,0,11,3,5,0,7,3,9,0,40,22,26,0,30,9,22,1,15,2,4,0,4,2,8,1,8,5,4,0,4,0,2,0,4,2,2,0,10,3,4,0,5,2,3,0,4,5,6,0,2,1,2,1,7,16,14,0,3,2,1,0,8,1,5,0,3,12,3,2,1,1,0,0,0,0,0,0,3,2,4,0,4,0,1,0,10,5,8,0,2,0,2,0,0,0,1,0,3,0,4,0
CLARK,129.33,18.5,41.0,0.0,247.86,0.0,0.0,0,455.0,0.0,0.0,0,355.0,0.0,44.0,0.0,119.83,0.0,54.5,0.0,116.91,19.0,42.88,0.0,241.56,19.5,30.0,0,193.5,22.0,46.5,0,78.0,0.0,59.0,0,0.0,0.0,58.0,0.0,0.0,0.0,0.0,0,0.0,0.0,0.0,0,0.0,0.0,0.0,0.0,136.0,19.0,45.5,0,284.5,0.0,36.0,0,172.75,17.5,35.5,0.0,109.5,0.0,34.0,0.0,79.0,0.0,51.5,0,104.83,0.0,39.0,0,127.67,19.0,37.75,0.0,64.0,0.0,44.67,0.0,148.06,15.8,43.5,0.0,128.0,22.25,41.57,5.0,91.67,22.0,41.17,0.0,260.25,26.0,0.0,0,204.0,25.0,47.75,0.0,249.5,22.0,45.0,0,214.0,0.0,0.0,0.0,213.0,0.0,51.0,0.0,128.27,24.0,53.67,0.0,3,2,4,0,7,0,0,0,2,0,0,0,3,0,2,0,6,0,2,0,22,3,8,0,9,2,3,0,8,1,2,0,2,0,1,0,0,0,1,0,0,0,0,0,0,0,0,0,0,0,0,0,1,2,2,0,2,0,2,0,4,2,2,0,2,0,1,0,1,0,2,0,6,0,3,0,3,2,4,0,1,0,3,0,18,5,8,0,12,4,7,1,6,3,6,0,8,1,0,0,8,2,4,0,4,3,3,0,2,0,0,0,3,0,1,0,15,1,3,0
CLAY,0.0,0.0,0.0,0.0,0.0,0.0,0.0,0,0.0,0.0,0.0,0,0.0,15.0,0.0,0.0,0.0,0.0,0.0,0.0,0.0,0.0,0.0,0.0,0.0,0.0,0.0,0,0.0,0.0,0.0,0,0.0,0.0,0.0,0,0.0,0.0,0.0,0.0,0.0,0.0,0.0,0,0.0,0.0,0.0,0,0.0,0.0,0.0,0.0,0.0,0.0,0.0,0,0.0,0.0,0.0,0,0.0,0.0,0.0,0.0,0.0,0.0,0.0,0.0,0.0,0.0,0.0,0,0.0,0.0,0.0,0,0.0,0.0,0.0,0.0,0.0,0.0,0.0,0.0,0.0,0.0,0.0,0.0,0.0,0.0,0.0,0.0,0.0,0.0,0.0,0.0,0.0,0.0,0.0,0,0.0,0.0,0.0,0.0,0.0,0.0,0.0,0,145.0,0.0,0.0,0.0,493.0,0.0,48.5,0.0,149.14,0.0,43.5,0.0,0,0,0,0,0,0,0,0,0,0,0,0,0,1,0,0,0,0,0,0,0,0,0,0,0,0,0,0,0,0,0,0,0,0,0,0,0,0,0,0,0,0,0,0,0,0,0,0,0,0,0,0,0,0,0,0,0,0,0,0,0,0,0,0,0,0,0,0,0,0,0,0,0,0,0,0,0,0,0,0,0,0,0,0,0,0,0,0,0,0,0,0,0,0,0,0,0,0,0,0,0,0,0,0,0,0,0,0,1,0,0,0,2,0,2,0,7,0,4,0
CLINTON,0.0,0.0,0.0,0.0,216.0,0.0,0.0,0,0.0,0.0,0.0,0,81.0,8.0,41.5,0.0,0.0,0.0,0.0,0.0,0.0,0.0,0.0,0.0,0.0,0.0,0.0,0,0.0,12.33,29.0,0,119.67,0.0,0.0,0,122.5,0.0,0.0,5.0,0.0,0.0,0.0,0,0.0,0.0,0.0,0,0.0,0.0,0.0,0.0,314.75,0.0,0.0,0,0.0,16.0,42.0,0,261.0,0.0,44.0,0.0,315.75,0.0,0.0,0.0,0.0,0.0,0.0,0,191.0,0.0,0.0,0,176.0,0.0,0.0,0.0,161.27,25.0,56.0,0.0,122.0,0.0,57.0,0.0,151.14,0.0,55.0,0.0,163.83,17.0,51.0,0.0,163.23,19.6,40.75,1,129.64,27.0,47.75,0.0,147.64,26.0,45.5,0,157.31,0.0,41.0,0.0,252.73,22.6,46.67,0.0,189.64,19.0,36.33,0.0,0,0,0,0,1,0,0,0,0,0,0,0,1,1,2,0,0,0,0,0,0,0,0,0,0,0,0,0,0,3,1,0,3,0,0,0,2,0,0,1,0,0,0,0,0,0,0,0,0,0,0,0,4,0,0,0,0,2,1,0,3,0,3,0,4,0,0,0,0,0,0,0,2,0,0,0,12,0,0,0,11,1,1,0,2,0,1,0,14,0,5,0,6,2,3,0,22,5,4,1,25,1,8,0,14,1,4,0,13,0,2,0,15,5,6,0,14,2,3,0
CRITTENDEN,104.14,17.0,41.88,0.0,107.0,18.75,47.0,5,87.0,11.0,45.57,0,84.09,17.0,38.5,0.0,72.67,14.5,40.0,4.5,113.2,21.67,42.09,0.0,100.0,18.0,37.57,0,85.79,18.08,40.07,4,79.5,13.57,47.6,0,110.33,18.0,43.25,0.0,82.83,0.0,48.5,0,91.45,21.0,36.8,0,109.17,17.25,42.67,0.0,81.67,23.0,34.83,0,78.0,11.91,33.17,4,90.67,14.7,46.25,0.0,111.19,17.2,38.93,0.0,106.5,15.96,42.65,0,105.6,17.25,37.8,0,98.0,18.43,46.5,0.0,74.33,11.43,35.0,5.0,80.0,15.62,35.67,0.0,77.12,17.83,40.7,0.0,0.0,14.25,38.0,4.43,74.5,20.57,33.4,0,77.5,19.42,37.33,0.0,0.0,14.91,45.33,0,170.0,13.79,31.0,0.0,89.5,17.27,40.73,0.0,0.0,23.0,42.5,0.0,7,4,8,0,1,4,1,1,2,6,7,0,11,4,8,0,3,16,8,4,10,6,22,0,7,1,7,0,19,24,28,1,4,7,5,0,3,13,4,0,6,0,4,0,11,1,5,0,12,4,9,0,9,3,6,0,2,11,6,1,6,20,4,0,16,5,15,0,8,28,17,0,5,8,10,0,2,7,8,0,3,7,1,2,2,8,3,0,8,23,10,0,0,8,2,7,2,7,5,0,2,26,12,0,0,11,3,0,1,14,1,0,2,22,11,0,0,1,2,0
CUMBERLAND,170.07,0.0,44.2,0.0,0.0,0.0,0.0,0,0.0,26.0,31.0,0,0.0,0.0,0.0,0.0,0.0,0.0,0.0,0.0,94.0,17.0,33.0,0.0,0.0,0.0,0.0,0,106.33,0.0,0.0,0,0.0,6.0,0.0,0,0.0,0.0,0.0,0.0,0.0,0.0,0.0,0,355.0,10.0,0.0,0,0.0,10.0,0.0,0.0,0.0,0.0,0.0,0,0.0,0.0,0.0,0,0.0,0.0,0.0,0.0,194.0,0.0,0.0,0.0,0.0,0.0,0.0,0,0.0,0.0,0.0,0,0.0,0.0,0.0,0.0,0.0,0.0,0.0,0.0,0.0,0.0,0.0,0.0,236.0,0.0,0.0,0.0,242.0,0.0,0.0,0.0,264.5,19.25,45.6,0,0.0,0.0,0.0,0.0,173.5,8.0,0.0,0,158.5,8.0,56.0,0.0,196.0,0.0,50.0,0.0,207.5,0.0,57.0,0.0,14,0,5,0,0,0,0,0,0,1,1,0,0,0,0,0,0,0,0,0,1,1,1,0,0,0,0,0,3,0,0,0,0,1,0,0,0,0,0,0,0,0,0,0,2,1,0,0,0,1,0,0,0,0,0,0,0,0,0,0,0,0,0,0,1,0,0,0,0,0,0,0,0,0,0,0,0,0,0,0,0,0,0,0,0,0,0,0,1,0,0,0,2,0,0,0,6,4,5,0,0,0,0,0,4,1,0,0,2,1,1,0,3,0,1,0,4,0,1,0
DAVIESS,131.67,25.5,44.11,0.0,120.02,20.73,45.75,0,98.36,18.14,47.16,0,117.41,23.2,43.07,0.0,100.69,23.4,48.64,0.0,104.17,19.36,44.02,0.0,108.44,21.33,46.39,0,108.15,23.79,43.28,0,118.31,0.0,48.67,0,102.67,19.07,42.82,0.0,102.13,22.0,45.22,0,136.43,22.67,41.0,0,135.69,21.5,43.23,0.0,145.75,6.0,0.0,0,122.4,0.0,45.0,0,144.5,16.0,0.0,0.0,106.25,10.0,42.0,0.0,109.71,7.0,47.5,3,141.0,11.0,42.0,0,85.0,21.0,54.0,0.0,101.2,17.0,47.22,0.0,86.67,0.0,54.5,0.0,77.0,17.29,43.4,0.0,149.29,0.0,45.57,0.0,168.86,0.0,51.33,0,96.5,25.0,39.5,0.0,129.57,24.2,46.0,0,121.33,17.0,37.5,0.0,127.29,25.33,41.08,0.0,87.0,19.0,54.0,0.0,12,2,9,0,90,11,40,0,111,21,94,0,79,5,55,0,45,5,36,0,88,11,50,0,41,12,44,0,79,14,32,0,16,0,6,0,46,15,45,0,15,2,9,0,21,3,10,0,32,10,31,0,4,1,0,0,5,0,3,0,2,1,0,0,4,1,1,0,7,1,4,1,1,1,1,0,2,2,2,0,5,1,9,0,9,0,2,0,2,7,5,0,48,0,7,0,7,0,3,0,2,1,4,0,14,5,5,0,6,5,10,0,7,3,13,0,4,1,1,0
EDMONSON,122.0,0.0,0.0,0.0,78.0,19.5,47.0,0,104.83,0.0,42.5,0,0.0,0.0,28.0,0.0,0.0,0.0,0.0,0.0,0.0,24.0,57.0,0.0,201.0,0.0,0.0,0,68.5,11.67,47.5,0,82.0,0.0,56.0,0,72.0,0.0,47.0,0.0,0.0,0.0,0.0,0,0.0,24.5,43.83,0,0.0,10.0,0.0,0.0,0.0,0.0,0.0,0,156.5,0.0,0.0,0,104.5,16.5,45.5,0.0,163.0,24.0,54.0,0.0,188.6,0.0,47.25,0,107.0,19.43,42.5,0,128.83,18.0,38.0,0.0,129.75,0.0,42.75,0.0,88.38,0.0,48.2,0.0,105.2,19.4,41.67,0.0,82.5,24.0,42.36,0.0,89.81,22.11,40.1,0,151.92,25.0,44.4,0.0,107.2,0.0,41.15,0,101.22,17.93,40.21,0.0,82.75,25.5,44.63,0.0,65.0,21.0,40.0,0.0,1,0,0,0,1,2,4,0,6,0,2,0,0,0,1,0,0,0,0,0,0,1,2,0,1,0,0,0,2,3,2,0,1,0,2,0,4,0,2,0,0,0,0,0,0,2,6,0,0,1,0,0,0,0,0,0,2,0,0,0,2,2,2,0,3,1,1,0,5,0,8,0,10,14,12,0,6,3,3,0,8,0,4,0,8,0,5,0,5,10,12,0,2,3,11,0,16,9,21,0,26,6,30,0,10,0,13,0,9,14,24,0,4,2,19,0,1,5,15,0
ELLIOTT,0.0,0.0,0.0,0.0,0.0,0.0,0.0,0,146.0,11.0,0.0,0,0.0,0.0,0.0,0.0,0.0,0.0,0.0,0.0,0.0,0.0,0.0,0.0,0.0,0.0,0.0,0,0.0,0.0,0.0,0,0.0,0.0,0.0,0,0.0,0.0,0.0,0.0,0.0,0.0,0.0,0,0.0,0.0,0.0,0,0.0,0.0,0.0,0.0,0.0,0.0,0.0,0,0.0,0.0,0.0,0,0.0,0.0,0.0,0.0,0.0,0.0,33.0,0.0,0.0,0.0,0.0,0,148.0,0.0,0.0,0,0.0,0.0,0.0,0.0,66.0,0.0,28.0,0.0,0.0,0.0,0.0,0.0,0.0,0.0,0.0,0.0,0.0,0.0,0.0,0.0,0.0,0.0,0.0,0,0.0,0.0,0.0,0.0,0.0,0.0,0.0,0,0.0,0.0,0.0,0.0,0.0,0.0,0.0,0.0,0.0,0.0,0.0,0.0,0,0,0,0,0,0,0,0,1,1,0,0,0,0,0,0,0,0,0,0,0,0,0,0,0,0,0,0,0,0,0,0,0,0,0,0,0,0,0,0,0,0,0,0,0,0,0,0,0,0,0,0,0,0,0,0,0,0,0,0,0,0,0,0,0,0,1,0,0,0,0,0,1,0,0,0,0,0,0,0,1,0,1,0,0,0,0,0,0,0,0,0,0,0,0,0,0,0,0,0,0,0,0,0,0,0,0,0,0,0,0,0,0,0,0,0,0,0,0,0
ESTILL,82.0,18.67,42.71,0.0,85.0,21.0,46.62,0,102.75,20.0,40.4,0,0.0,6.0,37.5,0.0,0.0,0.0,0.0,0.0,0.0,0.0,0.0,0.0,0.0,0.0,0.0,0,0.0,0.0,0.0,0,0.0,0.0,0.0,0,0.0,0.0,0.0,0.0,0.0,0.0,0.0,0,588.0,19.0,0.0,0,113.0,0.0,47.33,0.0,0.0,0.0,42.0,0,110.67,0.0,42.0,0,77.0,0.0,41.0,0.0,0.0,0.0,56.0,0.0,66.0,0.0,42.0,0,0.0,0.0,0.0,0,86.0,0.0,36.0,0.0,68.0,12.0,30.0,0.0,141.0,20.0,41.25,0.0,63.67,19.5,44.0,0.0,86.22,14.56,44.5,0.0,126.8,16.4,43.67,0,184.6,22.5,41.67,0.0,264.57,27.0,43.4,0,72.5,16.0,35.78,5.0,0.0,18.17,36.67,0.0,86.0,0.0,0.0,0.0,3,3,7,0,2,1,8,0,4,1,5,0,0,1,2,0,0,0,0,0,0,0,0,0,0,0,0,0,0,0,0,0,0,0,0,0,0,0,0,0,0,0,0,0,1,1,0,0,2,0,3,0,0,0,1,0,3,0,1,0,2,0,3,0,0,0,1,0,1,0,1,0,0,0,0,0,1,0,1,0,1,1,2,0,5,2,4,0,3,2,4,0,9,9,10,0,5,5,6,0,5,2,9,0,7,1,5,0,2,2,9,1,0,6,3,0,1,0,0,0
FAYETTE,0.0,0.0,0.0,0.0,94.6,18.0,33.33,0,223.38,0.0,58.0,0,139.33,24.67,45.0,0.0,225.0,0.0,0.0,0.0,383.0,0.0,46.0,0.0,218.2,0.0,0.0,0,323.76,0.0,33.0,0,167.91,0.0,48.0,0,172.38,16.0,41.5,0.0,191.0,0.0,46.0,0,66.0,24.0,31.5,0,310.08,0.0,0.0,0.0,212.2,0.0,57.5,0,219.86,0.0,42.83,0,255.62,0.0,60.0,0.0,341.79,0.0,0.0,0.0,398.61,18.0,0.0,0,382.16,0.0,49.0,0,384.71,0.0,53.0,0.0,306.48,22.0,37.0,0.0,244.08,21.5,39.2,0.0,301.11,25.0,42.29,0.0,355.72,18.43,41.71,0.0,348.52,19.5,45.22,0,292.8,18.5,44.75,0.0,316.59,15.0,42.62,0,243.42,24.0,44.42,0.0,272.31,0.0,47.0,0.0,257.41,16.0,46.4,0.0,0,0,0,0,10,1,3,0,13,0,1,0,3,3,8,0,1,0,0,0,11,0,1,0,5,0,0,0,21,0,2,0,11,0,2,0,8,1,2,0,2,0,1,0,1,1,2,0,12,0,0,0,5,0,2,0,28,0,6,0,16,0,1,0,34,0,0,0,23,1,0,0,32,0,1,0,21,0,1,0,31,5,7,0,24,2,5,0,53,2,7,0,94,7,14,0,62,2,9,0,54,4,4,0,51,3,8,0,55,3,12,0,64,0,8,0,37,2,15,0
FLEMING,188.5,23.0,49.5,0.0,0.0,13.0,33.0,0,0.0,0.0,0.0,0,245.8,0.0,33.0,0.0,0.0,6.0,38.0,4.0,0.0,0.0,0.0,0.0,0.0,26.0,0.0,0,185.6,23.75,44.0,0,64.0,19.33,51.0,0,100.0,19.0,0.0,0.0,0.0,0.0,0.0,0,0.0,0.0,42.67,0,168.83,0.0,45.75,0.0,155.0,0.0,45.33,0,118.33,0.0,47.0,0,104.0,16.0,0.0,0.0,326.0,0.0,0.0,0.0,74.0,0.0,0.0,0,130.81,17.5,44.0,0,176.18,15.14,43.83,0.0,95.36,13.86,37.0,0.0,125.11,27.0,45.0,0.0,230.38,16.0,40.36,0.0,168.95,15.0,44.09,5.0,130.26,17.38,43.37,3,148.98,16.65,41.02,0.0,123.44,19.73,41.58,5,240.29,23.33,42.14,0.0,120.0,16.14,48.08,0.0,124.83,19.8,40.56,0.0,4,1,2,0,0,1,1,0,0,0,0,0,5,0,1,0,0,1,1,1,0,0,0,0,0,1,0,0,5,4,1,0,2,3,1,0,4,4,0,0,0,0,0,0,0,0,3,0,6,0,4,0,4,0,3,0,3,0,1,0,3,1,0,0,1,0,0,0,1,0,0,0,16,2,4,0,17,7,12,0,11,7,8,0,18,1,23,0,48,28,28,0,42,34,46,1,50,24,41,2,46,17,42,0,27,11,19,1,7,3,7,0,15,7,12,0,12,5,9,0
FLOYD,0.0,0.0,0.0,0.0,0.0,0.0,0.0,0,0.0,0.0,0.0,0,0.0,0.0,0.0,0.0,0.0,0.0,0.0,0.0,0.0,0.0,0.0,0.0,0.0,0.0,0.0,0,0.0,0.0,0.0,0,0.0,0.0,0.0,0,0.0,0.0,0.0,0.0,0.0,0.0,0.0,0,0.0,0.0,0.0,0,0.0,0.0,0.0,0.0,0.0,0.0,0.0,0,164.0,0.0,0.0,0,0.0,0.0,0.0,0.0,0.0,0.0,0.0,0.0,109.0,24.0,0.0,0,0.0,0.0,0.0,0,0.0,0.0,0.0,0.0,0.0,0.0,0.0,0.0,0.0,0.0,0.0,0.0,0.0,0.0,0.0,0.0,0.0,0.0,0.0,0.0,0.0,0.0,0.0,0,0.0,0.0,0.0,0.0,0.0,0.0,0.0,0,0.0,0.0,0.0,0.0,143.67,0.0,0.0,0.0,0.0,0.0,0.0,0.0,0,0,0,0,0,0,0,0,0,0,0,0,0,0,0,0,0,0,0,0,0,0,0,0,0,0,0,0,0,0,0,0,0,0,0,0,0,0,0,0,0,0,0,0,0,0,0,0,0,0,0,0,0,0,0,0,1,0,0,0,0,0,0,0,0,0,0,0,1,1,0,0,0,0,0,0,0,0,0,0,0,0,0,0,0,0,0,0,0,0,0,0,0,0,0,0,0,0,0,0,0,0,0,0,0,0,0,0,0,0,0,0,3,0,0,0,0,0,0,0
FRANKLIN,440.6,0.0,0.0,0.0,403.48,0.0,0.0,0,0.0,0.0,0.0,0,463.0,0.0,0.0,0.0,394.0,0.0,0.0,0.0,148.0,0.0,38.0,0.0,0.0,0.0,0.0,0,166.33,16.0,0.0,0,341.75,0.0,0.0,0,75.0,0.0,0.0,0.0,0.0,0.0,0.0,0,223.33,0.0,0.0,0,263.0,0.0,0.0,0.0,0.0,0.0,0.0,0,0.0,0.0,0.0,0,106.0,26.0,28.0,0.0,203.0,0.0,0.0,0.0,0.0,0.0,0.0,0,316.0,0.0,0.0,0,180.5,0.0,35.0,0.0,256.0,0.0,0.0,0.0,563.4,18.5,49.0,0.0,342.25,20.5,59.0,0.0,307.33,15.5,37.67,0.0,293.25,0.0,0.0,0,444.5,0.0,45.5,0.0,375.31,0.0,38.0,0,220.9,0.0,45.0,0.0,422.25,0.0,0.0,0.0,307.5,9.0,35.0,0.0,5,0,0,0,25,0,0,0,0,0,0,0,1,0,0,0,1,0,0,0,2,0,1,0,0,0,0,0,6,1,0,0,4,0,0,0,1,0,0,0,0,0,0,0,3,0,0,0,2,0,0,0,0,0,0,0,0,0,0,0,3,2,1,0,1,0,0,0,0,0,0,0,2,0,0,0,6,0,1,0,4,0,0,0,5,2,1,0,40,2,1,0,15,2,3,0,8,0,0,0,2,0,2,0,13,0,2,0,10,0,1,0,4,0,0,0,10,1,1,0
FULTON,110.83,0.0,51.19,0.0,89.61,0.0,50.22,0,103.23,0.0,52.0,0,106.76,23.0,48.72,0.0,103.0,0.0,47.43,0.0,95.21,22.17,45.47,0.0,96.25,27.0,45.93,0,104.68,26.0,48.47,0,117.16,0.0,42.44,0,101.97,0.0,45.09,0.0,96.89,23.0,48.5,0,114.22,0.0,48.92,0,112.24,0.0,39.0,0.0,96.96,0.0,45.26,0,89.07,0.0,44.1,0,86.84,19.0,44.75,0.0,83.73,24.43,42.89,0.0,87.31,22.5,44.36,0,119.68,23.0,46.38,0,86.91,26.0,49.52,0.0,86.6,0.0,42.1,0.0,117.7,18.5,44.67,0.0,103.23,25.0,45.1,0.0,98.0,0.0,0.0,0.0,75.71,0.0,47.33,0,146.38,23.4,41.11,0.0,89.06,23.5,42.29,0,115.56,0.0,42.0,0.0,0.0,0.0,42.86,0.0,114.5,0.0,50.0,0.0,65,0,21,0,28,0,9,0,30,0,7,0,75,1,18,0,33,0,21,0,76,6,59,0,16,1,14,0,37,1,19,0,38,0,16,0,31,0,22,0,38,1,20,0,37,0,13,0,21,0,2,0,25,0,23,0,15,0,10,0,70,6,52,0,15,7,19,0,13,4,28,0,31,2,21,0,23,1,21,0,5,0,20,0,23,6,9,0,31,1,10,0,2,0,0,0,7,0,6,0,13,5,19,0,31,2,14,0,9,0,4,0,0,0,7,0,10,0,2,0
GALLATIN,0.0,0.0,0.0,0.0,105.5,0.0,0.0,0,0.0,0.0,0.0,0,133.5,0.0,0.0,0.0,225.0,0.0,0.0,0.0,121.0,0.0,42.0,0.0,127.33,0.0,0.0,0,168.5,0.0,40.5,0,78.5,0.0,0.0,0,226.92,0.0,56.0,0.0,188.9,19.33,32.0,0,383.0,0.0,0.0,0,0.0,0.0,0.0,0.0,0.0,0.0,0.0,0,0.0,0.0,0.0,0,0.0,0.0,0.0,0.0,0.0,0.0,0.0,0.0,0.0,0.0,0.0,0,0.0,0.0,0.0,0,0.0,0.0,52.0,0.0,0.0,0.0,0.0,0.0,269.42,11.0,52.5,0.0,236.69,0.0,50.0,0.0,153.22,21.5,49.0,0.0,203.88,20.0,40.5,0,218.0,0.0,48.5,0.0,153.88,21.0,0.0,0,64.5,19.67,43.0,0.0,120.5,16.0,43.0,0.0,196.0,0.0,42.0,0.0,0,0,0,0,2,0,0,0,0,0,0,0,2,0,0,0,1,0,0,0,1,0,1,0,3,0,0,0,4,0,2,0,2,0,0,0,12,0,2,0,10,3,2,0,2,0,0,0,0,0,0,0,0,0,0,0,0,0,0,0,0,0,0,0,0,0,0,0,0,0,0,0,0,0,0,0,0,0,1,0,0,0,0,0,31,1,2,0,16,0,2,0,9,2,1,0,8,2,2,0,23,0,4,0,8,1,0,0,2,3,2,0,2,1,2,0,2,0,6,0
GARRARD,442.8,0.0,44.5,0.0,0.0,0.0,0.0,0,616.25,0.0,0.0,0,79.0,0.0,34.0,0.0,220.67,0.0,0.0,0.0,96.67,0.0,0.0,0.0,0.0,0.0,0.0,0,382.0,0.0,43.5,0,125.5,0.0,45.0,0,292.0,0.0,0.0,0.0,72.0,0.0,58.0,0,67.0,0.0,0.0,0,0.0,0.0,0.0,0.0,106.67,0.0,49.67,0,0.0,0.0,0.0,0,0.0,0.0,0.0,0.0,473.0,0.0,0.0,0.0,0.0,0.0,0.0,0,129.67,0.0,0.0,0,141.0,0.0,0.0,0.0,254.3,0.0,36.0,0.0,305.78,0.0,56.0,0.0,100.67,0.0,45.0,0.0,134.0,16.0,40.5,0.0,178.5,0.0,0.0,0,191.75,0.0,0.0,0.0,492.67,0.0,0.0,0,122.5,0.0,34.0,0.0,0.0,0.0,0.0,0.0,0.0,15.5,0.0,0.0,5,0,2,0,0,0,0,0,4,0,0,0,1,0,1,0,3,0,0,0,3,0,0,0,0,0,0,0,1,0,2,0,2,0,1,0,1,0,0,0,1,0,2,0,1,0,0,0,0,0,0,0,3,0,3,0,0,0,0,0,0,0,0,0,1,0,0,0,0,0,0,0,6,0,0,0,1,0,0,0,10,0,2,0,9,0,3,0,3,0,1,0,5,1,2,0,2,0,0,0,4,0,0,0,3,0,0,0,6,0,9,0,0,0,0,0,0,2,0,0
GRANT,0.0,0.0,0.0,0.0,89.5,0.0,50.0,0,0.0,0.0,0.0,0,84.33,20.0,0.0,0.0,0.0,0.0,0.0,0.0,70.0,15.0,29.0,5.0,0.0,0.0,0.0,0,0.0,0.0,0.0,0,0.0,0.0,0.0,0,366.0,0.0,0.0,0.0,0.0,0.0,0.0,0,169.25,0.0,0.0,0,0.0,0.0,0.0,0.0,0.0,27.0,38.0,0,100.0,0.0,53.0,0,96.0,0.0,0.0,0.0,226.0,0.0,31.0,0.0,0.0,0.0,54.0,0,107.0,0.0,48.0,0,148.0,0.0,38.5,0.0,202.0,0.0,0.0,0.0,0.0,0.0,0.0,0.0,97.67,0.0,44.71,0.0,0.0,0.0,0.0,0.0,76.0,25.0,42.14,0,0.0,7.0,0.0,0.0,88.0,26.0,58.0,0,102.33,16.0,42.0,0.0,0.0,0.0,49.0,0.0,133.2,0.0,36.0,0.0,0,0,0,0,2,0,1,0,0,0,0,0,3,1,0,0,0,0,0,0,1,2,1,1,0,0,0,0,0,0,0,0,0,0,0,0,1,0,0,0,0,0,0,0,4,0,0,0,0,0,0,0,0,1,1,0,1,0,1,0,8,0,0,0,2,0,1,0,0,0,1,0,2,0,1,0,1,0,2,0,1,0,0,0,0,0,0,0,6,0,7,0,0,0,0,0,3,1,7,0,0,1,0,0,1,1,1,0,3,3,2,0,0,0,1,0,10,0,1,0
GRAVES,117.84,25.0,47.0,0.0,126.69,16.82,40.42,0,115.34,21.38,46.12,0,132.79,19.0,48.8,1.0,110.87,11.5,49.33,0.0,85.89,0.0,39.0,0.0,99.0,0.0,53.5,0,95.93,21.0,45.5,0,134.87,18.0,40.17,0,92.2,18.8,43.29,0.0,119.72,17.5,45.0,0,188.17,15.0,53.67,0,117.0,0.0,43.0,0.0,0.0,22.0,47.5,0,104.83,0.0,44.0,0,100.17,0.0,44.0,0.0,109.0,23.33,58.0,0.0,131.33,0.0,51.0,0,113.4,24.0,43.25,0,214.06,19.5,45.92,0.0,149.0,25.0,47.83,0.0,217.83,24.67,46.56,0.0,178.88,16.73,45.0,0.0,131.86,19.79,42.39,0.0,110.44,24.33,41.72,0,98.38,0.0,42.0,0.0,99.8,26.0,43.33,0,125.43,24.5,50.25,0.0,70.75,25.0,33.5,0.0,86.0,0.0,43.33,0.0,69,1,9,0,42,11,12,0,94,8,17,0,14,3,5,1,15,2,6,0,9,0,3,0,4,0,2,0,15,2,4,0,15,1,6,0,5,5,7,0,18,8,7,0,24,1,3,0,4,0,1,0,0,1,2,0,6,0,4,0,6,0,2,0,7,3,1,0,6,0,1,0,25,1,4,0,33,6,24,0,29,2,6,0,64,3,16,0,26,30,10,0,22,14,23,0,27,3,18,0,8,0,2,0,5,1,6,0,7,2,4,0,4,1,4,0,7,0,6,0
GRAYSON,114.0,13.8,43.6,0.0,107.38,18.4,42.25,0,90.9,25.0,48.75,0,104.33,17.5,44.75,0.0,109.71,0.0,46.2,5.0,120.54,23.17,37.89,0.0,92.77,15.7,42.0,0,106.75,13.75,43.25,0,99.71,19.2,42.26,0,96.8,17.0,40.75,0.0,76.43,23.0,45.07,0,88.25,24.0,41.0,0,136.75,19.0,42.93,4.0,134.5,17.67,43.92,0,108.93,20.38,40.37,0,127.41,15.38,41.57,0.0,114.58,20.0,41.53,0.0,119.55,20.62,43.78,0,106.54,18.7,47.88,0,107.39,16.0,39.44,0.0,125.0,22.08,42.3,0.0,101.16,18.59,41.03,0.0,116.5,18.09,40.54,5.0,92.65,19.42,42.22,0.0,109.13,18.38,40.62,0,105.0,18.62,43.07,3.43,165.44,17.87,40.95,0,105.44,19.06,41.97,0.0,162.83,18.22,39.78,0.0,82.17,13.0,47.22,0.0,5,10,15,0,8,5,4,0,10,2,8,0,9,2,4,0,14,0,5,1,13,6,9,0,13,10,3,0,8,4,4,0,34,10,39,0,15,13,12,0,7,1,15,0,4,1,11,0,24,2,14,1,10,3,13,0,27,8,30,0,22,21,21,0,12,12,17,0,20,8,9,0,28,23,24,0,18,8,32,0,10,13,20,0,19,17,35,0,34,22,41,1,23,19,32,0,31,21,47,0,42,50,72,7,27,15,19,0,27,18,37,0,30,9,27,0,6,10,9,0
GREEN,141.0,0.0,49.75,0.0,197.0,18.0,0.0,0,81.0,0.0,0.0,0,0.0,0.0,0.0,0.0,75.0,0.0,28.0,0.0,0.0,0.0,44.5,0.0,146.44,13.0,46.4,0,105.33,18.5,44.8,0,146.67,24.83,45.6,0,97.0,16.75,49.12,0.0,0.0,0.0,39.33,0,74.4,22.0,47.6,0,149.0,0.0,39.25,0.0,118.0,0.0,44.75,0,225.33,0.0,41.67,0,152.43,0.0,47.0,0.0,128.75,0.0,0.0,0.0,140.33,17.0,51.0,0,152.16,18.6,44.5,5,189.0,0.0,0.0,0.0,154.76,22.05,41.74,0.0,152.59,19.38,40.56,0.0,122.52,21.84,42.74,0.0,208.6,19.5,40.2,0.0,107.17,16.62,43.18,0,71.5,22.0,45.11,0.0,118.8,16.33,39.25,0,151.0,18.33,41.5,0.0,100.3,17.13,41.0,0.0,181.25,24.0,43.0,0.0,6,0,4,0,2,1,0,0,2,0,0,0,0,0,0,0,1,0,1,0,0,0,4,0,9,1,5,0,9,6,5,0,12,6,10,0,4,4,8,0,0,0,3,0,5,1,5,0,1,0,4,0,1,0,4,0,6,0,3,0,7,0,1,0,4,0,0,0,9,1,3,0,38,10,22,1,1,0,0,0,66,42,57,0,58,47,48,0,134,19,121,0,10,12,10,0,12,8,11,0,2,1,9,0,5,3,4,0,3,3,2,0,10,15,10,0,4,1,2,0
GREENUP,0.0,0.0,0.0,0.0,0.0,0.0,0.0,0,0.0,0.0,0.0,0,0.0,0.0,0.0,0.0,0.0,0.0,0.0,0.0,0.0,0.0,0.0,0.0,0.0,0.0,31.0,0,0.0,0.0,0.0,0,0.0,0.0,0.0,0,0.0,0.0,0.0,0.0,0.0,0.0,0.0,0,0.0,0.0,0.0,0,0.0,0.0,0.0,0.0,0.0,0.0,0.0,0,0.0,0.0,0.0,0,0.0,0.0,0.0,0.0,0.0,0.0,0.0,0.0,0.0,0.0,0.0,0,0.0,16.5,34.0,0,92.0,0.0,0.0,0.0,0.0,0.0,0.0,0.0,0.0,0.0,0.0,0.0,0.0,0.0,0.0,0.0,0.0,17.5,29.0,0.0,0.0,0.0,0.0,0,0.0,7.0,0.0,4.0,255.5,18.5,0.0,0,583.0,17.67,34.0,0.0,0.0,18.0,32.0,0.0,0.0,0.0,0.0,0.0,0,0,0,0,0,0,0,0,0,0,0,0,0,0,0,0,0,0,0,0,0,0,0,0,0,0,1,0,0,0,0,0,0,0,0,0,0,0,0,0,0,0,0,0,0,0,0,0,0,0,0,0,0,0,0,0,0,0,0,0,0,0,0,0,0,0,0,0,0,0,0,0,0,2,1,0,1,0,0,0,0,0,0,0,0,0,0,0,0,0,0,0,0,2,1,0,0,0,0,0,0,1,0,1,2,2,0,0,1,3,2,0,0,4,1,0,0,0,0,0
HANCOCK,112.2,0.0,43.33,0.0,118.76,18.57,43.8,0,104.81,0.0,45.53,0,120.12,17.0,45.89,0.0,97.24,20.0,48.28,0.0,138.96,0.0,51.67,0.0,125.29,0.0,48.5,0,146.68,13.33,41.5,0,123.0,25.0,44.38,0,98.89,17.0,41.75,0.0,89.43,27.0,49.75,0,137.5,0.0,28.0,0,102.25,8.0,52.17,0.0,0.0,0.0,57.0,0,0.0,0.0,0.0,0,139.0,0.0,0.0,0.0,138.2,8.0,0.0,0.0,0.0,15.5,36.0,0,0.0,0.0,0.0,0,71.0,21.5,39.8,0.0,108.0,21.0,40.0,5.0,74.0,23.5,36.0,0.0,142.83,20.67,49.2,0.0,167.55,22.5,45.73,0.0,101.8,0.0,49.71,0,122.67,18.0,37.0,0.0,132.4,0.0,37.33,0,0.0,15.75,37.0,0.0,68.5,0.0,46.0,0.0,71.5,12.0,35.25,0.0,10,0,3,0,41,7,20,0,16,0,15,0,17,1,9,0,21,2,18,0,26,0,3,0,7,0,2,0,22,3,6,0,9,2,8,0,9,3,4,0,7,1,4,0,2,0,1,0,8,1,6,0,0,0,1,0,0,0,0,0,1,0,0,0,5,1,0,0,0,6,1,0,0,0,0,0,1,2,5,0,2,2,2,1,1,2,1,0,6,3,5,0,11,2,11,0,5,0,7,0,3,1,2,0,5,0,3,0,0,4,5,0,2,0,1,0,2,2,4,0
HARDIN,112.87,20.03,42.91,0.0,128.28,20.83,42.81,1,116.8,18.49,44.79,3,119.02,20.1,41.64,4.0,118.19,18.97,42.53,0.0,123.53,17.99,42.65,4.33,132.59,21.22,43.01,5,107.35,21.15,42.78,0,121.58,18.18,41.88,3,120.72,20.08,43.53,0.0,101.44,20.85,43.23,0,130.89,18.55,45.08,0,122.74,18.86,43.1,0.0,112.38,21.54,44.07,1,107.26,21.89,43.8,0,114.37,21.07,41.82,1.5,127.65,20.42,43.03,0.0,120.49,20.23,43.97,0,122.87,20.59,42.46,0,112.69,21.45,41.12,4.5,129.27,18.45,41.97,4.71,109.27,18.53,43.32,4.29,116.9,20.43,43.2,4.0,113.76,20.13,42.2,4.0,112.28,20.91,42.02,0,104.32,20.94,41.41,0.0,109.48,20.27,41.93,0,123.56,20.47,41.01,1.0,112.85,21.17,40.96,4.0,102.48,21.08,41.82,0.0,124,79,144,0,174,53,154,1,148,53,151,1,160,51,159,2,129,74,159,0,157,82,220,3,146,37,142,1,124,40,143,0,106,55,109,1,116,52,150,0,106,41,116,0,194,58,169,0,200,57,171,0,102,37,162,1,138,53,192,0,199,116,233,2,251,103,257,0,362,109,408,0,290,82,315,0,139,138,315,4,330,159,348,7,251,104,375,7,365,150,449,4,250,118,410,3,365,161,529,0,291,207,488,0,263,190,524,0,299,266,612,2,266,183,522,1,187,258,519,0
HARRISON,218.25,0.0,0.0,0.0,234.29,0.0,0.0,0,221.31,20.0,47.0,0,231.18,0.0,45.0,0.0,253.62,13.5,40.6,0.0,219.46,0.0,39.5,0.0,202.04,17.5,45.75,0,245.36,23.0,51.0,0,203.92,0.0,49.53,0,221.99,0.0,52.12,0.0,307.71,23.0,0.0,0,206.77,0.0,48.0,0,259.11,26.0,48.25,5.0,214.11,17.5,47.67,0,221.83,0.0,43.33,0,175.21,27.0,43.71,0.0,229.52,18.0,39.75,0.0,274.26,0.0,50.0,0,153.06,19.33,44.75,0,191.06,14.5,41.25,0.0,196.46,14.33,45.18,0.0,229.0,23.0,45.76,0.0,176.62,19.25,44.78,0.0,181.32,19.25,46.0,0.0,177.55,20.09,43.28,0,194.16,21.0,45.91,0.0,182.55,24.64,44.76,0,157.51,18.0,46.38,0.0,181.31,21.67,39.57,0.0,153.23,20.29,40.0,0.0,16,0,0,0,17,0,0,0,13,1,3,0,22,0,3,0,39,2,5,0,65,0,4,0,48,2,4,0,39,1,3,0,92,0,15,0,68,0,8,0,7,1,0,0,35,0,4,0,35,1,4,1,47,2,3,0,36,0,3,0,39,1,7,0,21,1,4,0,35,0,4,0,34,3,4,0,31,4,8,0,52,3,17,0,74,1,17,0,79,16,23,0,65,4,17,0,92,11,25,0,62,2,11,0,67,11,21,0,82,3,16,0,39,3,14,0,26,7,15,0
HART,89.8,0.0,40.67,4.0,76.0,0.0,34.0,0,103.0,0.0,47.5,0,0.0,18.0,0.0,0.0,131.67,17.0,48.0,0.0,186.0,0.0,0.0,0.0,230.0,18.0,52.5,0,117.0,0.0,0.0,0,0.0,0.0,0.0,0,0.0,0.0,0.0,0.0,0.0,0.0,0.0,0,0.0,25.0,37.0,0,0.0,8.0,0.0,0.0,0.0,0.0,0.0,0,0.0,0.0,0.0,0,0.0,0.0,0.0,0.0,0.0,0.0,0.0,0.0,0.0,0.0,33.0,0,0.0,0.0,0.0,0,103.67,21.0,41.33,0.0,0.0,0.0,0.0,0.0,236.0,12.8,40.67,0.0,115.43,15.67,41.5,0.0,138.2,15.33,45.83,0.0,122.71,19.0,38.8,0,104.07,17.5,43.5,0.0,139.25,15.73,43.6,0,134.75,17.67,39.4,0.0,110.86,19.62,40.63,0.0,78.33,24.0,36.6,0.0,5,0,3,1,1,0,1,0,2,0,2,0,0,1,0,0,3,1,2,0,3,0,0,0,1,1,2,0,1,0,0,0,0,0,0,0,0,0,0,0,0,0,0,0,0,2,2,0,0,1,0,0,0,0,0,0,0,0,0,0,0,0,0,0,0,0,0,0,0,0,1,0,0,0,0,0,3,3,3,0,0,0,0,0,1,5,3,0,14,3,2,0,5,9,6,0,7,8,5,0,15,12,12,0,8,22,10,0,12,24,15,0,7,8,19,0,3,2,5,0
HENDERSON,152.67,21.0,46.73,0.0,104.91,22.0,42.92,0,94.69,21.5,44.82,0,111.68,20.42,44.55,0.0,96.05,23.75,43.25,0.0,110.79,24.5,44.65,0.0,93.44,22.0,52.67,0,106.48,18.5,42.11,0,107.7,21.23,41.5,0,96.47,24.75,47.9,0.0,110.75,22.0,51.4,0,96.21,16.4,45.46,0,101.39,22.0,42.33,0.0,139.88,18.62,42.71,0,86.91,20.31,43.78,0,95.96,19.0,44.0,0.0,87.8,23.67,44.85,0.0,79.73,25.0,46.09,0,100.32,25.0,45.9,0,109.5,19.89,46.52,0.0,129.43,15.75,43.28,0.0,72.5,19.67,40.14,4.0,112.64,21.5,46.14,0.0,410.33,18.0,33.67,0.0,112.67,18.0,0.0,0,122.12,0.0,53.0,0.0,120.67,18.67,40.27,0,137.0,0.0,42.5,0.0,0.0,0.0,0.0,0.0,712.5,0.0,0.0,0.0,6,2,11,0,34,3,37,0,52,4,38,0,22,12,22,0,87,4,77,0,14,4,20,0,9,2,3,0,21,2,9,0,37,13,22,0,47,4,21,0,32,1,5,0,58,10,28,0,38,4,33,0,8,8,7,0,23,13,40,0,23,1,11,0,10,3,26,0,15,1,22,0,22,3,20,0,22,9,21,0,14,8,18,0,2,3,14,1,11,6,7,0,3,1,3,0,3,5,0,0,16,0,1,0,9,3,11,0,1,0,4,0,0,0,0,0,2,0,0,0
HENRY,343.67,0.0,0.0,0.0,127.0,6.0,0.0,0,224.25,0.0,0.0,0,115.5,0.0,54.0,0.0,231.2,0.0,46.0,0.0,0.0,0.0,0.0,0.0,154.12,0.0,0.0,0,128.0,21.0,28.0,0,158.0,0.0,0.0,0,0.0,0.0,0.0,0.0,0.0,0.0,0.0,0,66.0,0.0,0.0,0,87.0,26.0,30.0,0.0,0.0,21.0,35.0,0,138.18,12.5,46.67,0,0.0,0.0,0.0,0.0,165.0,18.5,0.0,0.0,0.0,0.0,0.0,0,199.5,0.0,0.0,0,241.62,0.0,0.0,0.0,156.67,0.0,0.0,0.0,92.0,0.0,35.0,0.0,106.86,15.6,46.0,0.0,290.41,17.17,42.33,0.0,127.17,13.0,32.5,0,188.2,0.0,0.0,0.0,209.55,0.0,53.0,0,121.5,24.0,0.0,0.0,275.36,0.0,0.0,0.0,163.62,24.0,32.5,0.0,3,0,0,0,1,1,0,0,4,0,0,0,2,0,1,0,5,0,2,0,0,0,0,0,8,0,0,0,2,1,1,0,1,0,0,0,0,0,0,0,0,0,0,0,1,0,0,0,2,1,1,0,0,1,4,0,11,2,3,0,0,0,0,0,2,4,0,0,0,0,0,0,2,0,0,0,8,0,0,0,3,0,0,0,1,0,1,0,7,5,3,0,17,6,6,0,6,2,4,0,5,0,0,0,11,0,2,0,2,1,0,0,11,0,0,0,8,1,2,0
HICKMAN,105.08,0.0,49.64,0.0,120.58,21.5,44.35,0,115.01,10.0,49.52,0,107.53,23.57,49.77,0.0,114.45,23.5,46.61,0.0,111.85,23.5,47.45,0.0,117.97,22.73,46.67,0,96.68,21.45,44.81,0,110.91,22.8,47.4,0,123.68,16.8,46.5,0.0,115.15,9.0,50.58,0,132.14,26.0,49.46,0,88.23,0.0,48.14,0.0,73.8,27.0,47.85,0,175.89,0.0,44.47,0,108.28,27.0,48.38,0.0,157.55,21.0,47.0,0.0,293.57,22.67,52.0,0,78.8,0.0,52.25,0,158.0,0.0,0.0,0.0,109.5,0.0,49.21,0.0,81.33,0.0,59.0,0.0,88.4,0.0,50.0,0.0,92.33,0.0,0.0,0.0,96.0,0.0,0.0,0,71.0,0.0,54.75,0.0,288.0,0.0,59.0,0,162.88,0.0,50.5,0.0,161.17,0.0,49.0,0.0,97.0,0.0,57.0,0.0,59,0,25,0,139,2,17,0,132,2,46,0,133,7,48,0,135,2,36,0,110,4,33,0,147,11,60,0,37,11,42,0,123,10,55,0,44,5,20,0,106,1,43,0,64,1,24,0,13,0,7,0,5,1,13,0,9,0,15,0,18,1,13,0,20,4,16,0,7,3,3,0,5,0,4,0,3,0,0,0,10,0,14,0,3,0,1,0,5,0,2,0,6,0,0,0,1,0,0,0,3,0,4,0,1,0,1,0,16,0,8,0,6,0,1,0,2,0,1,0
HOPKINS,96.0,22.73,45.88,2.67,88.6,24.33,43.45,0,95.4,19.7,42.74,0,97.71,20.5,43.23,0.0,85.5,19.29,44.56,3.0,86.29,18.0,40.47,0.0,85.08,0.0,46.58,0,97.29,16.0,47.21,0,96.71,0.0,46.83,0,92.7,18.2,39.58,0.0,100.93,20.2,40.48,0,91.73,23.33,46.21,0,74.0,20.0,42.0,0.0,101.67,23.5,49.0,0,86.5,16.43,45.67,0,150.14,20.0,42.22,0.0,114.0,18.38,38.4,0.0,95.6,22.8,38.0,0,147.29,20.5,43.7,0,65.0,20.0,36.0,0.0,123.0,15.5,43.59,0.0,74.67,14.67,43.0,0.0,352.0,15.11,44.17,0.0,77.0,13.5,44.67,0.0,122.11,18.64,39.17,0,122.31,14.54,33.0,0.0,167.04,12.75,37.38,0,146.29,19.94,37.64,0.0,132.0,15.0,42.0,0.0,95.0,17.91,33.0,0.0,34,15,50,3,35,6,20,0,20,10,38,0,42,14,31,0,24,7,39,1,7,6,19,0,13,0,12,0,7,1,14,0,14,0,6,0,10,5,12,0,14,10,23,0,22,3,43,0,6,4,8,0,9,2,11,0,4,7,3,0,7,6,9,0,4,8,5,0,10,5,11,0,24,6,10,0,1,4,4,0,16,6,27,0,6,3,5,0,6,9,6,0,1,2,3,0,9,14,12,0,13,13,5,0,26,4,8,0,7,16,14,0,1,1,8,0,3,11,1,0
JACKSON,0.0,0.0,0.0,0.0,0.0,0.0,0.0,0,0.0,0.0,0.0,0,0.0,0.0,0.0,0.0,0.0,0.0,0.0,0.0,0.0,0.0,0.0,0.0,0.0,0.0,0.0,0,0.0,0.0,0.0,0,0.0,0.0,0.0,0,0.0,0.0,0.0,0.0,0.0,0.0,0.0,0,0.0,0.0,0.0,0,0.0,0.0,0.0,0.0,0.0,0.0,0.0,0,0.0,0.0,0.0,0,0.0,0.0,0.0,0.0,0.0,0.0,0.0,0.0,0.0,23.0,0.0,0,0.0,0.0,0.0,0,0.0,0.0,49.0,0.0,0.0,0.0,0.0,0.0,0.0,0.0,0.0,0.0,0.0,12.0,0.0,0.0,98.5,0.0,0.0,0.0,108.0,7.0,0.0,0,0.0,0.0,0.0,0.0,0.0,17.0,0.0,0,0.0,0.0,0.0,0.0,0.0,0.0,0.0,0.0,0.0,0.0,0.0,0.0,0,0,0,0,0,0,0,0,0,0,0,0,0,0,0,0,0,0,0,0,0,0,0,0,0,0,0,0,0,0,0,0,0,0,0,0,0,0,0,0,0,0,0,0,0,0,0,0,0,0,0,0,0,0,0,0,0,0,0,0,0,0,0,0,0,0,0,0,0,2,0,0,0,0,0,0,0,0,1,0,0,0,0,0,0,0,0,0,0,1,0,0,2,0,0,0,2,1,0,0,0,0,0,0,0,1,0,0,0,0,0,0,0,0,0,0,0,0,0,0
JEFFERSON,106.0,24.5,40.57,0.0,146.5,15.33,38.62,0,119.29,17.5,48.2,0,126.5,0.0,0.0,0.0,0.0,17.0,0.0,0.0,145.79,19.0,45.0,0.0,176.11,20.33,45.6,0,0.0,0.0,0.0,0,0.0,0.0,0.0,0,201.0,19.0,33.5,0.0,0.0,0.0,0.0,0,155.0,0.0,38.0,0,96.0,20.0,0.0,0.0,94.5,0.0,0.0,0,248.75,0.0,57.0,0,150.0,0.0,0.0,0.0,0.0,0.0,0.0,0.0,132.0,0.0,0.0,0,136.0,0.0,0.0,0,132.0,0.0,0.0,0.0,0.0,0.0,32.0,5.0,0.0,17.0,0.0,0.0,97.0,21.33,0.0,0.0,0.0,0.0,0.0,0.0,167.33,0.0,49.0,0,348.0,0.0,0.0,0.0,151.5,0.0,0.0,0,0.0,0.0,0.0,0.0,0.0,0.0,0.0,0.0,237.75,17.0,0.0,0.0,6,2,7,0,4,3,8,0,7,2,5,0,6,0,0,0,0,2,0,0,14,1,4,0,9,3,5,0,0,0,0,0,0,0,0,0,1,1,2,0,0,0,0,0,2,0,1,0,5,1,0,0,4,0,0,0,4,0,1,0,1,0,0,0,0,0,0,0,1,0,0,0,1,0,0,0,1,0,0,0,0,0,1,1,0,4,0,0,1,3,0,0,0,0,0,0,3,0,2,0,1,0,0,0,2,0,0,0,0,0,0,0,0,0,0,0,4,2,0,0
JESSAMINE,208.0,21.0,51.0,0.0,373.0,0.0,0.0,0,387.0,0.0,0.0,0,0.0,0.0,42.0,0.0,0.0,0.0,0.0,0.0,0.0,0.0,0.0,0.0,0.0,0.0,0.0,0,342.0,0.0,0.0,0,341.0,0.0,35.0,0,430.0,0.0,0.0,0.0,517.71,0.0,0.0,0,0.0,0.0,47.5,0,296.0,0.0,0.0,0.0,315.0,0.0,0.0,0,481.33,0.0,60.0,0,562.0,0.0,38.0,0.0,318.5,0.0,0.0,0.0,627.5,0.0,0.0,0,262.17,21.0,47.0,0,0.0,0.0,34.0,0.0,551.67,18.0,0.0,0.0,447.36,0.0,0.0,0.0,346.0,0.0,0.0,0.0,518.89,0.0,0.0,0.0,358.74,0.0,33.0,0,417.78,0.0,42.33,0.0,0.0,0.0,0.0,0,113.0,0.0,0.0,0.0,399.33,0.0,0.0,0.0,0.0,0.0,0.0,0.0,1,1,1,0,1,0,0,0,2,0,0,0,0,0,1,0,0,0,0,0,0,0,0,0,0,0,0,0,1,0,0,0,2,0,1,0,1,0,0,0,7,0,0,0,0,0,2,0,1,0,0,0,2,0,0,0,3,0,1,0,1,0,2,0,2,0,0,0,2,0,0,0,6,1,1,0,0,0,1,0,3,1,0,0,14,0,0,0,1,0,0,0,9,0,0,0,27,0,1,0,18,0,3,0,0,0,0,0,1,0,0,0,12,0,0,0,0,0,0,0
JOHNSON,0.0,0.0,0.0,0.0,0.0,0.0,0.0,0,0.0,0.0,0.0,0,0.0,0.0,0.0,0.0,0.0,0.0,0.0,0.0,246.0,0.0,56.0,0.0,0.0,0.0,0.0,0,0.0,0.0,0.0,0,0.0,0.0,0.0,0,0.0,0.0,0.0,0.0,83.0,6.0,30.0,0,0.0,0.0,0.0,0,0.0,0.0,0.0,0.0,0.0,0.0,0.0,0,0.0,15.0,32.0,0,0.0,0.0,0.0,0.0,0.0,9.0,0.0,0.0,0.0,0.0,0.0,0,0.0,0.0,0.0,0,0.0,0.0,0.0,0.0,0.0,0.0,0.0,0.0,0.0,0.0,0.0,0.0,0.0,0.0,0.0,0.0,0.0,0.0,0.0,0.0,0.0,0.0,0.0,0,0.0,0.0,0.0,0.0,0.0,0.0,0.0,0,0.0,0.0,0.0,0.0,0.0,0.0,0.0,0.0,0.0,0.0,0.0,0.0,0,0,0,0,0,0,0,0,0,0,0,0,0,0,0,0,0,0,0,0,2,0,1,0,0,0,0,0,0,0,0,0,0,0,0,0,0,0,0,0,1,1,1,0,0,0,0,0,0,0,0,0,0,0,0,0,0,1,1,0,0,0,0,0,0,1,0,0,0,0,0,0,0,0,0,0,0,0,0,0,0,0,0,0,0,0,0,0,0,0,0,0,0,0,0,0,0,0,0,0,0,0,0,0,0,0,0,0,0,0,0,0,0,0,0,0,0,0,0,0
KENTON,0.0,0.0,0.0,0.0,0.0,0.0,0.0,0,0.0,0.0,0.0,0,0.0,10.0,0.0,0.0,0.0,0.0,0.0,0.0,0.0,0.0,0.0,0.0,69.0,0.0,58.0,0,0.0,0.0,0.0,0,203.33,0.0,0.0,0,0.0,0.0,0.0,0.0,179.0,0.0,0.0,0,0.0,0.0,0.0,0,117.0,17.5,31.5,0.0,0.0,0.0,0.0,0,108.0,0.0,0.0,0,0.0,0.0,0.0,0.0,105.0,19.0,35.33,0.0,0.0,0.0,0.0,0,0.0,0.0,0.0,0,70.0,12.0,40.83,0.0,0.0,13.5,0.0,0.0,151.33,27.0,41.0,0.0,107.0,0.0,38.25,0.0,0.0,0.0,0.0,0.0,114.0,0.0,33.5,0,78.2,20.0,38.0,0.0,0.0,16.0,44.5,0,75.5,0.0,43.0,0.0,116.0,20.33,42.5,0.0,92.0,22.0,46.0,0.0,0,0,0,0,0,0,0,0,0,0,0,0,0,1,0,0,0,0,0,0,0,0,0,0,1,0,2,0,0,0,0,0,3,0,0,0,0,0,0,0,1,0,0,0,0,0,0,0,1,2,2,0,0,0,0,0,1,0,0,0,0,0,0,0,5,1,3,0,0,0,0,0,0,0,0,0,3,1,6,0,0,2,0,0,3,1,2,0,3,0,4,0,0,0,0,0,1,0,2,0,5,1,2,0,0,1,4,0,2,0,2,0,1,3,2,0,3,1,3,0
KNOX,64.0,0.0,39.0,0.0,68.0,0.0,0.0,0,0.0,0.0,52.0,0,93.67,13.0,34.0,0.0,0.0,0.0,0.0,0.0,68.0,0.0,45.0,0.0,81.0,0.0,44.8,0,0.0,0.0,0.0,0,0.0,0.0,0.0,0,0.0,0.0,0.0,0.0,0.0,0.0,0.0,0,0.0,0.0,0.0,0,0.0,0.0,0.0,0.0,0.0,0.0,0.0,0,0.0,0.0,0.0,0,0.0,0.0,0.0,0.0,0.0,0.0,0.0,0.0,0.0,0.0,0.0,0,83.0,0.0,0.0,0,85.0,20.33,33.0,0.0,120.5,19.5,50.0,0.0,0.0,0.0,0.0,0.0,112.0,27.0,59.0,0.0,92.0,27.0,0.0,0.0,0.0,0.0,0.0,0,75.0,0.0,43.5,0.0,0.0,27.0,48.0,0,89.67,12.0,40.0,0.0,0.0,0.0,0.0,0.0,0.0,9.0,0.0,0.0,1,0,1,0,1,0,0,0,0,0,1,0,3,1,2,0,0,0,0,0,1,0,2,0,1,0,5,0,0,0,0,0,0,0,0,0,0,0,0,0,0,0,0,0,0,0,0,0,0,0,0,0,0,0,0,0,0,0,0,0,0,0,0,0,0,0,0,0,0,0,0,0,1,0,0,0,1,3,1,0,2,2,1,0,0,0,0,0,1,1,1,0,2,1,0,0,0,0,0,0,1,0,2,0,0,1,1,0,3,4,1,0,0,0,0,0,0,1,0,0
LARUE,119.15,19.23,43.35,0.0,123.95,15.9,42.6,0,86.53,21.84,42.95,0,102.2,19.0,40.81,0.0,110.38,19.2,46.27,0.0,110.41,16.5,40.12,0.0,69.2,22.67,42.06,0,119.35,20.53,40.35,0,170.22,19.82,43.71,0,107.31,19.94,41.25,0.0,110.57,19.75,44.82,0,108.77,16.0,46.74,0,119.0,18.5,43.31,0.0,133.05,23.25,46.62,0,103.98,17.5,44.17,0,84.52,20.83,41.38,0.0,120.85,19.73,44.11,0.0,103.42,21.77,45.5,0,105.55,24.0,45.64,0,121.84,19.12,41.48,0.0,93.76,20.25,44.67,0.0,181.42,12.0,39.31,0.0,101.81,16.64,41.43,0.0,220.91,18.2,46.54,0.0,118.64,16.91,40.65,0,109.08,21.12,41.16,0.0,177.82,18.65,37.58,0,93.87,20.96,40.62,0.0,101.1,20.74,42.75,0.0,117.18,19.33,42.26,0.0,20,13,26,0,21,10,15,0,15,19,37,0,15,6,21,0,24,5,11,0,27,6,16,0,5,6,18,0,20,15,23,0,45,11,21,0,51,18,44,0,14,8,17,0,22,3,23,0,9,2,13,0,19,4,16,0,46,4,24,0,21,6,21,0,13,11,28,0,24,13,30,0,56,4,33,0,86,82,132,0,34,8,49,0,12,1,16,0,43,14,51,0,11,10,26,0,33,33,40,0,24,16,44,0,11,20,24,0,31,25,53,0,30,19,44,0,11,9,31,0
LAUREL,61.0,0.0,35.0,0.0,0.0,0.0,0.0,0,64.0,0.0,0.0,0,0.0,0.0,0.0,0.0,0.0,0.0,0.0,0.0,0.0,0.0,0.0,0.0,105.0,0.0,0.0,0,0.0,0.0,0.0,0,0.0,0.0,0.0,0,0.0,0.0,0.0,0.0,0.0,0.0,30.0,0,90.5,24.0,35.5,0,0.0,0.0,0.0,0.0,0.0,0.0,0.0,0,0.0,0.0,0.0,0,156.0,0.0,0.0,0.0,0.0,0.0,0.0,0.0,99.0,0.0,0.0,0,0.0,0.0,0.0,0,0.0,0.0,0.0,0.0,312.67,0.0,0.0,0.0,0.0,0.0,0.0,0.0,110.0,0.0,0.0,0.0,140.17,16.0,45.0,3.0,81.6,12.14,46.0,3,91.67,13.0,36.0,5.0,114.0,16.29,44.0,0,232.5,0.0,0.0,0.0,0.0,0.0,0.0,0.0,0.0,0.0,0.0,0.0,1,0,1,0,0,0,0,0,1,0,0,0,0,0,0,0,0,0,0,0,0,0,0,0,1,0,0,0,0,0,0,0,0,0,0,0,0,0,0,0,0,0,1,0,6,1,2,0,0,0,0,0,0,0,0,0,0,0,0,0,1,0,0,0,0,0,0,0,1,0,0,0,0,0,0,0,0,0,0,0,3,0,0,0,0,0,0,0,2,0,0,0,6,6,2,1,5,7,2,1,3,6,2,1,3,7,3,0,2,0,0,0,0,0,0,0,0,0,0,0
LAWRENCE,0.0,21.0,0.0,0.0,0.0,0.0,0.0,0,0.0,0.0,0.0,0,0.0,0.0,0.0,0.0,0.0,20.0,0.0,0.0,0.0,0.0,0.0,0.0,0.0,0.0,0.0,0,0.0,0.0,0.0,0,0.0,19.0,0.0,0,0.0,0.0,0.0,0.0,0.0,0.0,31.0,0,90.0,0.0,52.0,0,74.5,18.0,57.0,0.0,0.0,0.0,0.0,0,0.0,0.0,0.0,0,0.0,0.0,0.0,0.0,0.0,0.0,0.0,0.0,0.0,0.0,0.0,0,0.0,0.0,0.0,0,0.0,0.0,0.0,0.0,0.0,0.0,0.0,0.0,0.0,0.0,0.0,0.0,0.0,0.0,0.0,0.0,0.0,0.0,0.0,0.0,0.0,19.0,48.0,4,0.0,0.0,0.0,0.0,0.0,0.0,0.0,0,0.0,0.0,0.0,0.0,0.0,0.0,0.0,0.0,0.0,0.0,0.0,0.0,0,1,0,0,0,0,0,0,0,0,0,0,0,0,0,0,0,1,0,0,0,0,0,0,0,0,0,0,0,0,0,0,0,3,0,0,0,0,0,0,0,0,1,0,1,0,1,0,2,2,1,0,0,0,0,0,0,0,0,0,0,0,0,0,0,0,0,0,0,0,0,0,0,0,0,0,0,0,0,0,0,0,0,0,0,0,0,0,0,0,0,0,0,0,0,0,0,1,1,1,0,0,0,0,0,0,0,0,0,0,0,0,0,0,0,0,0,0,0,0
LEE,0.0,0.0,0.0,0.0,0.0,0.0,0.0,0,0.0,0.0,0.0,0,0.0,0.0,0.0,0.0,0.0,0.0,0.0,0.0,0.0,0.0,0.0,0.0,0.0,16.0,47.67,0,0.0,0.0,0.0,0,0.0,0.0,0.0,0,0.0,0.0,0.0,0.0,0.0,0.0,0.0,0,0.0,0.0,0.0,0,0.0,0.0,0.0,0.0,0.0,0.0,0.0,0,63.0,22.0,0.0,0,0.0,0.0,0.0,0.0,0.0,0.0,0.0,0.0,0.0,0.0,0.0,0,0.0,26.0,0.0,0,0.0,0.0,0.0,0.0,0.0,0.0,0.0,0.0,0.0,10.67,0.0,0.0,0.0,0.0,38.0,0.0,0.0,0.0,0.0,0.0,0.0,0.0,0.0,0,0.0,0.0,0.0,0.0,0.0,0.0,0.0,0,0.0,0.0,0.0,0.0,0.0,0.0,0.0,0.0,0.0,0.0,0.0,0.0,0,0,0,0,0,0,0,0,0,0,0,0,0,0,0,0,0,0,0,0,0,0,0,0,0,1,3,0,0,0,0,0,0,0,0,0,0,0,0,0,0,0,0,0,0,0,0,0,0,0,0,0,0,0,0,0,1,3,0,0,0,0,0,0,0,0,0,0,0,0,0,0,0,1,0,0,0,0,0,0,0,0,0,0,0,3,0,0,0,0,1,0,0,0,0,0,0,0,0,0,0,0,0,0,0,0,0,0,0,0,0,0,0,0,0,0,0,0,0,0
LESLIE,0.0,0.0,0.0,0.0,0.0,0.0,0.0,0,0.0,0.0,0.0,0,0.0,0.0,0.0,0.0,0.0,0.0,0.0,0.0,0.0,0.0,0.0,0.0,0.0,0.0,0.0,0,0.0,0.0,0.0,0,0.0,0.0,0.0,0,0.0,0.0,0.0,0.0,0.0,16.0,30.0,0,0.0,0.0,0.0,0,0.0,0.0,0.0,0.0,0.0,0.0,0.0,0,0.0,0.0,0.0,0,0.0,0.0,0.0,0.0,0.0,0.0,0.0,0.0,0.0,0.0,0.0,0,0.0,0.0,0.0,0,0.0,0.0,0.0,0.0,0.0,0.0,0.0,0.0,0.0,0.0,0.0,0.0,0.0,0.0,0.0,0.0,0.0,0.0,0.0,0.0,0.0,0.0,0.0,0,0.0,0.0,0.0,0.0,0.0,0.0,0.0,0,0.0,0.0,0.0,0.0,0.0,0.0,0.0,0.0,0.0,0.0,0.0,0.0,0,0,0,0,0,0,0,0,0,0,0,0,0,0,0,0,0,0,0,0,0,0,0,0,0,0,0,0,0,0,0,0,0,0,0,0,0,0,0,0,0,2,1,0,0,0,0,0,0,0,0,0,0,0,0,0,0,0,0,0,0,0,0,0,0,0,0,0,0,0,0,0,0,0,0,0,0,0,0,0,0,0,0,0,0,0,0,0,0,0,0,0,0,0,0,0,0,0,0,0,0,0,0,0,0,0,0,0,0,0,0,0,0,0,0,0,0,0,0,0
LETCHER,134.75,12.5,0.0,0.0,0.0,0.0,0.0,0,0.0,0.0,0.0,0,0.0,0.0,0.0,0.0,0.0,0.0,0.0,0.0,0.0,0.0,0.0,0.0,0.0,0.0,0.0,0,0.0,0.0,0.0,0,0.0,0.0,0.0,0,0.0,0.0,0.0,0.0,0.0,0.0,0.0,0,0.0,0.0,0.0,0,0.0,0.0,0.0,0.0,0.0,0.0,0.0,0,0.0,0.0,0.0,0,0.0,0.0,0.0,0.0,0.0,0.0,0.0,0.0,0.0,0.0,0.0,0,0.0,0.0,0.0,0,0.0,0.0,0.0,0.0,224.0,0.0,0.0,0.0,0.0,0.0,0.0,0.0,0.0,0.0,0.0,0.0,0.0,0.0,0.0,0.0,0.0,0.0,0.0,0,0.0,0.0,0.0,0.0,0.0,0.0,0.0,0,0.0,0.0,0.0,0.0,0.0,26.0,0.0,0.0,0.0,0.0,0.0,0.0,4,4,0,0,0,0,0,0,0,0,0,0,0,0,0,0,0,0,0,0,0,0,0,0,0,0,0,0,0,0,0,0,0,0,0,0,0,0,0,0,0,0,0,0,0,0,0,0,0,0,0,0,0,0,0,0,0,0,0,0,0,0,0,0,0,0,0,0,0,0,0,0,0,0,0,0,0,0,0,0,1,0,0,0,0,0,0,0,0,0,0,0,0,0,0,0,0,0,0,0,0,0,0,0,0,0,0,0,0,0,0,0,0,1,0,0,0,0,0,0
LEWIS,0.0,0.0,0.0,0.0,131.0,21.0,41.0,0,145.2,0.0,32.0,0,0.0,0.0,0.0,0.0,103.0,0.0,53.0,0.0,0.0,0.0,0.0,0.0,147.0,21.0,0.0,0,111.0,27.0,32.0,0,114.6,13.5,33.0,0,88.33,15.2,34.67,0.0,109.0,0.0,44.0,0,160.6,13.33,60.0,0,144.4,21.12,37.78,0.0,0.0,0.0,0.0,0,311.0,0.0,52.0,0,121.0,0.0,0.0,0.0,103.5,0.0,43.0,0.0,166.67,21.0,35.0,0,76.0,12.67,39.2,0,137.08,15.5,44.17,0.0,238.88,23.0,47.6,0.0,206.84,19.76,40.85,0.0,216.05,15.1,41.6,0.0,102.29,15.67,41.83,4.0,147.57,19.64,44.93,0,111.83,19.86,43.29,0.0,114.12,20.0,41.69,0,149.6,18.09,39.97,0.0,140.89,23.0,41.61,0.0,193.69,13.5,39.21,0.0,0,0,0,0,3,2,3,0,5,0,2,0,0,0,0,0,1,0,1,0,0,0,0,0,3,2,0,0,2,1,2,0,5,2,1,0,3,5,6,0,1,0,4,0,10,3,1,0,10,8,9,0,0,0,0,0,1,0,1,0,1,0,0,0,2,0,2,0,3,1,4,0,1,3,5,0,13,6,6,0,8,1,5,0,19,21,13,0,19,29,20,0,31,15,23,1,28,14,29,0,18,14,28,0,24,9,35,0,25,33,29,0,9,8,18,0,16,20,14,0
LINCOLN,152.2,23.2,46.8,0.0,120.83,20.33,45.5,0,118.5,17.67,47.44,0,125.1,20.5,44.14,0.0,144.43,20.4,44.57,0.0,142.07,23.0,47.82,0.0,217.06,25.0,41.75,0,109.22,22.0,45.36,0,132.33,26.5,47.65,0,106.91,14.0,46.09,0.0,125.52,18.0,57.0,0,143.53,0.0,45.33,0,123.09,24.0,49.1,0.0,106.84,0.0,43.56,0,162.97,16.0,49.0,0,135.0,19.0,47.23,0.0,156.12,23.0,45.0,0.0,148.0,0.0,44.81,0,115.49,14.0,49.15,0,128.15,0.0,46.06,0.0,133.49,24.0,48.74,0.0,167.6,23.14,46.59,0.0,163.65,24.29,44.19,0.0,170.55,18.76,43.21,0.0,175.62,20.0,44.19,0,145.59,23.92,43.78,0.0,140.11,21.8,43.41,0,166.13,22.83,43.93,0.0,164.9,22.36,44.53,0.0,150.79,22.33,42.0,0.0,15,5,20,0,29,3,4,0,6,6,9,0,10,2,14,0,7,5,7,0,27,1,11,0,16,2,4,0,9,3,11,0,30,2,26,0,23,1,11,0,21,1,2,0,45,0,12,0,32,2,10,0,32,0,9,0,35,3,14,0,35,2,22,0,34,1,12,0,21,0,21,0,37,2,13,0,27,0,16,0,51,1,27,0,68,7,39,0,111,7,75,0,94,17,52,0,100,15,48,0,61,12,54,0,37,15,34,0,103,12,69,0,83,14,55,0,33,6,24,0
LIVINGSTON,95.81,23.5,36.0,0.0,148.0,25.0,53.0,0,145.24,20.0,44.67,0,148.33,21.0,40.83,0.0,105.0,9.0,45.17,0.0,101.33,0.0,51.0,0.0,123.44,27.0,47.2,0,116.25,20.0,56.0,0,119.55,15.08,43.0,4,74.0,8.0,56.0,0.0,0.0,0.0,0.0,0,311.0,14.0,41.0,0,91.0,15.5,41.33,0.0,131.0,0.0,53.5,0,140.93,18.0,47.31,0,93.44,0.0,50.33,0.0,108.94,17.44,43.31,0.0,99.38,15.4,42.08,0,129.0,17.0,33.33,0,82.67,21.75,42.44,5.0,0.0,27.0,48.0,0.0,128.75,20.0,37.5,0.0,108.11,20.47,42.31,0.0,139.48,16.18,46.67,2.0,109.0,18.0,36.29,0,112.33,25.67,42.75,0.0,93.62,18.57,41.23,0,96.44,19.87,36.92,0.0,0.0,22.5,39.0,0.0,85.0,12.29,41.0,1.5,16,2,1,0,6,1,2,0,21,1,12,0,12,7,6,0,9,1,6,0,6,0,1,0,16,1,10,0,4,3,2,0,22,12,11,3,1,2,1,0,0,0,0,0,1,2,1,0,1,2,3,0,6,0,2,0,40,4,13,0,9,0,3,0,17,9,26,0,8,5,13,0,10,6,6,0,3,8,18,1,0,1,3,0,4,1,2,0,18,15,13,0,25,34,15,1,5,3,7,0,6,3,8,0,8,14,13,0,9,15,13,0,0,2,3,0,3,7,8,2
LOGAN,109.5,0.0,43.67,0.0,129.89,0.0,45.8,0,111.83,18.75,43.54,0,96.54,16.0,49.0,0.0,71.5,0.0,43.0,0.0,117.36,24.0,40.5,0.0,107.0,0.0,39.67,0,90.0,0.0,46.0,0,188.5,17.0,40.0,0,112.5,0.0,0.0,0.0,118.4,23.0,46.5,0,153.07,15.0,47.2,0,115.27,20.0,48.33,0.0,96.14,0.0,43.7,0,172.43,0.0,47.4,5,116.55,21.0,45.08,0.0,91.29,25.0,49.5,0.0,170.6,0.0,53.0,0,110.97,20.08,42.44,0,116.0,21.75,41.5,0.0,90.56,19.25,47.75,5.0,273.0,24.5,45.67,0.0,141.5,15.5,42.25,0.0,65.5,20.25,41.14,0.0,0.0,0.0,50.0,0,100.36,16.92,44.9,0.0,100.71,23.0,43.17,0,74.0,25.5,43.56,0.0,114.0,15.83,0.0,0.0,0.0,11.67,0.0,0.0,6,0,3,0,19,0,10,0,12,8,13,0,13,1,3,0,2,0,4,0,14,1,4,0,2,0,3,0,2,0,4,0,2,2,1,0,4,0,0,0,10,1,6,0,14,1,5,0,15,1,3,0,7,0,10,0,7,0,5,1,11,4,12,0,14,1,8,0,10,0,2,0,61,12,34,0,6,4,12,0,9,4,4,1,8,2,3,0,4,2,4,0,2,4,7,0,0,0,4,0,14,12,10,0,7,2,6,0,1,2,9,0,7,6,0,0,0,3,0,0
LYON,61.0,0.0,49.0,0.0,72.0,0.0,0.0,0,130.0,0.0,0.0,0,112.0,0.0,44.62,0.0,86.0,0.0,44.0,0.0,94.44,20.0,43.75,0.0,164.67,0.0,35.0,0,120.0,13.8,48.17,0,125.31,17.14,46.35,0,114.38,17.0,43.14,0.0,93.25,14.5,39.17,0,118.55,17.5,46.25,0,157.62,0.0,37.25,0.0,119.33,22.5,46.2,0,0.0,0.0,0.0,0,100.54,20.4,38.54,0.0,77.1,21.0,41.5,0.0,204.67,8.0,0.0,5,101.33,26.0,44.5,0,85.0,0.0,0.0,0.0,88.0,19.0,0.0,0.0,0.0,0.0,0.0,0.0,130.86,17.05,40.33,0.0,81.0,14.0,44.0,5.0,137.31,15.47,42.8,0,134.75,26.0,33.0,0.0,94.14,14.5,58.5,0,84.0,0.0,44.0,0.0,143.0,0.0,47.0,0.0,79.2,0.0,40.4,0.0,1,0,2,0,1,0,0,0,3,0,0,0,11,0,8,0,6,0,4,0,9,2,4,0,9,0,1,0,12,5,6,0,35,14,17,0,16,3,7,0,4,10,6,0,11,4,4,0,8,0,4,0,6,2,5,0,0,0,0,0,39,30,46,0,10,1,20,0,3,1,0,1,3,1,8,0,3,0,0,0,1,1,0,0,0,0,0,0,14,19,15,0,2,9,2,1,13,38,10,0,4,1,1,0,14,4,2,0,3,0,1,0,6,0,4,0,5,0,5,0
MADISON,117.25,18.5,39.57,0.0,114.0,0.0,0.0,0,181.5,0.0,0.0,0,0.0,0.0,0.0,4.0,96.0,6.0,38.5,0.0,201.5,17.0,28.0,0.0,219.2,27.0,0.0,0,0.0,0.0,0.0,0,140.5,0.0,34.0,0,147.0,0.0,0.0,0.0,195.0,0.0,0.0,0,187.0,0.0,0.0,0,119.25,0.0,0.0,0.0,104.0,0.0,0.0,0,178.5,0.0,0.0,0,0.0,0.0,0.0,0.0,98.0,0.0,55.0,0.0,80.6,0.0,0.0,0,135.0,0.0,56.0,0,96.5,0.0,33.0,0.0,158.0,0.0,46.0,0.0,64.0,0.0,45.25,0.0,134.4,22.67,41.0,0.0,112.0,0.0,41.5,0.0,165.75,8.0,43.67,0,0.0,19.0,44.43,0.0,99.83,24.0,41.44,0,110.0,15.4,43.54,0.0,189.0,19.5,35.6,0.0,103.29,21.0,41.71,0.0,4,2,7,0,3,0,0,0,2,0,0,0,0,0,0,1,1,1,2,0,2,1,1,0,5,1,0,0,0,0,0,0,4,0,1,0,2,0,0,0,3,0,0,0,1,0,0,0,4,0,0,0,2,0,0,0,2,0,0,0,0,0,0,0,1,0,1,0,5,0,0,0,2,0,2,0,2,0,1,0,3,0,1,0,1,0,4,0,5,3,1,0,2,0,4,0,4,1,3,0,0,2,7,0,12,2,9,0,7,5,13,0,2,4,5,0,7,1,7,0
MAGOFFIN,0.0,0.0,0.0,0.0,0.0,0.0,0.0,0,0.0,0.0,0.0,0,0.0,0.0,0.0,0.0,0.0,0.0,0.0,0.0,0.0,0.0,0.0,0.0,0.0,0.0,0.0,0,0.0,0.0,0.0,0,0.0,0.0,0.0,0,0.0,0.0,0.0,0.0,0.0,0.0,0.0,0,0.0,0.0,0.0,0,0.0,0.0,0.0,0.0,0.0,0.0,0.0,0,0.0,0.0,0.0,0,0.0,0.0,0.0,0.0,0.0,18.5,0.0,0.0,0.0,0.0,0.0,0,0.0,0.0,0.0,0,0.0,0.0,0.0,0.0,66.0,0.0,0.0,0.0,0.0,0.0,0.0,0.0,0.0,0.0,0.0,0.0,0.0,0.0,0.0,0.0,0.0,0.0,0.0,0,0.0,0.0,0.0,0.0,0.0,0.0,0.0,0,0.0,0.0,0.0,0.0,0.0,0.0,0.0,0.0,0.0,0.0,0.0,0.0,0,0,0,0,0,0,0,0,0,0,0,0,0,0,0,0,0,0,0,0,0,0,0,0,0,0,0,0,0,0,0,0,0,0,0,0,0,0,0,0,0,0,0,0,0,0,0,0,0,0,0,0,0,0,0,0,0,0,0,0,0,0,0,0,0,2,0,0,0,0,0,0,0,0,0,0,0,0,0,0,1,0,0,0,0,0,0,0,0,0,0,0,0,0,0,0,0,0,0,0,0,0,0,0,0,0,0,0,0,0,0,0,0,0,0,0,0,0,0,0
MARION,117.82,19.9,43.63,0.0,118.5,18.46,40.79,0,115.64,23.91,44.46,0,121.34,15.59,42.13,0.0,103.74,21.0,43.0,0.0,139.5,24.0,39.14,0.0,108.78,23.57,42.45,0,142.19,12.17,42.94,0,134.87,20.4,44.0,0,116.45,0.0,46.04,0.0,197.0,20.25,43.83,0,95.15,15.0,45.78,0,84.62,15.25,49.5,0.0,127.69,23.8,41.12,0,96.5,14.6,46.75,0,144.4,22.0,45.0,0.0,97.0,16.25,42.5,0.0,174.33,0.0,58.0,0,151.5,0.0,0.0,0,100.0,15.5,46.92,0.0,178.92,19.33,43.25,0.0,191.8,0.0,45.43,0.0,129.5,17.5,46.23,0.0,167.0,25.0,47.25,0.0,151.35,18.75,40.08,0,151.25,19.57,47.24,0.0,152.7,0.0,45.33,0,174.13,14.0,40.9,0.0,107.5,22.0,33.5,0.0,184.0,17.0,44.0,0.0,34,10,30,0,20,13,19,0,22,11,26,0,35,17,31,0,27,1,15,0,20,3,14,0,36,7,49,0,21,6,18,0,30,5,44,0,44,0,26,0,6,4,6,0,34,1,23,0,8,4,4,0,16,5,25,0,8,5,4,0,5,1,2,0,5,4,2,0,3,0,1,0,4,0,0,0,8,4,12,0,13,3,4,0,5,0,7,0,18,10,13,0,14,2,4,0,20,8,12,0,16,7,17,0,10,0,9,0,15,3,10,0,4,1,2,0,10,1,4,0
MARSHALL,94.33,22.0,48.83,0.0,96.12,15.4,41.0,0,77.17,0.0,52.08,0,82.17,23.5,42.3,0.0,107.47,26.33,42.43,0.0,101.5,0.0,45.67,0.0,0.0,18.0,46.33,0,75.25,20.0,44.7,0,109.82,11.6,37.67,5,84.67,0.0,45.67,0.0,115.0,0.0,42.38,0,116.29,23.0,47.06,0,114.4,12.0,40.83,0.0,86.71,20.45,42.0,0,76.2,18.25,41.14,0,89.89,23.0,44.94,0.0,73.0,24.75,46.7,0.0,117.75,20.67,43.85,0,109.4,20.0,47.7,0,99.0,0.0,53.0,0.0,114.0,20.0,43.25,0.0,98.25,21.0,46.0,0.0,103.14,21.64,47.29,0.0,67.6,16.57,41.83,4.0,89.17,16.75,41.0,0,77.6,0.0,46.0,0.0,94.88,20.17,42.0,0,130.89,17.45,36.64,0.0,117.18,18.0,45.56,4.0,101.67,17.21,37.81,3.0,3,1,6,0,16,5,12,0,6,0,12,0,12,2,10,0,17,3,23,0,6,0,9,0,0,1,3,0,4,3,10,0,11,5,6,2,9,0,6,0,8,0,8,0,14,1,16,0,5,1,6,0,7,11,19,0,5,4,7,0,9,2,17,0,4,4,10,0,8,6,13,0,15,4,27,0,1,0,1,0,5,2,8,0,8,2,5,0,7,11,14,0,5,7,6,2,6,8,8,0,20,0,19,0,8,6,11,0,18,11,14,0,11,7,18,1,12,14,16,1
MASON,134.5,0.0,0.0,0.0,149.33,0.0,45.5,0,278.5,0.0,0.0,0,125.71,0.0,50.67,0.0,109.69,19.0,45.5,0.0,141.0,0.0,48.0,0.0,125.25,0.0,52.0,0,150.0,18.0,44.0,0,131.0,0.0,54.8,0,76.0,0.0,48.0,0.0,110.2,0.0,0.0,0,127.87,0.0,51.33,0,118.33,0.0,49.0,0.0,116.0,0.0,40.0,0,123.89,22.0,46.33,0,119.53,0.0,52.5,0.0,124.29,25.0,41.57,0.0,167.71,16.0,50.5,0,141.32,26.0,48.2,0,130.67,18.0,50.5,0.0,107.2,0.0,46.85,0.0,193.08,17.75,48.2,0.0,119.88,23.17,40.18,0.0,127.26,18.43,44.75,0.0,112.94,20.75,43.42,0,127.97,20.0,44.83,0.0,128.78,20.5,46.76,0,120.29,24.17,45.43,0.0,104.21,23.0,47.0,0.0,112.95,0.0,47.25,0.0,2,0,0,0,6,0,2,0,2,0,0,0,7,0,3,0,13,3,2,0,1,0,1,0,4,0,1,0,4,1,3,0,11,0,5,0,1,0,4,0,5,0,0,0,15,0,3,0,9,0,1,0,2,0,2,0,19,1,6,0,15,0,2,0,7,2,7,0,14,1,4,0,19,1,5,0,6,3,6,0,35,0,13,0,12,4,5,0,17,6,11,0,58,7,20,0,35,12,38,0,64,10,29,0,37,2,21,0,31,6,28,0,38,3,19,0,20,0,12,0
MCCRACKEN,124.33,18.0,37.5,0.0,108.0,0.0,47.0,0,122.67,17.5,52.2,0,84.33,27.0,51.17,0.0,119.0,16.0,42.5,0.0,90.94,26.0,50.08,0.0,119.79,20.33,43.54,0,193.0,9.0,46.0,0,94.3,25.33,46.77,0,102.8,0.0,42.0,0.0,90.0,13.0,59.0,0,0.0,0.0,45.25,0,0.0,0.0,0.0,0.0,216.86,0.0,32.33,0,143.43,21.0,39.0,0,133.92,18.56,46.0,0.0,77.0,14.5,52.0,0.0,90.75,0.0,33.5,0,66.0,25.5,44.0,0,428.0,0.0,0.0,0.0,84.0,18.0,0.0,0.0,96.67,20.5,0.0,0.0,195.82,22.67,39.83,0.0,144.6,12.17,40.0,3.0,77.0,13.2,36.5,0,86.67,22.0,46.5,0.0,102.0,27.0,39.0,0,108.25,14.0,48.5,0.0,192.0,18.0,0.0,0.0,167.25,0.0,0.0,0.0,6,1,2,0,1,0,1,0,12,2,5,0,6,1,6,0,9,1,4,0,16,1,12,0,14,3,13,0,1,5,1,0,10,3,13,0,5,0,2,0,1,1,1,0,0,0,4,0,0,0,0,0,14,0,3,0,14,6,6,0,12,9,3,0,7,2,2,0,8,0,2,0,1,4,2,0,1,0,0,0,9,1,0,0,3,2,0,0,11,6,6,0,10,6,1,3,2,5,4,0,3,1,6,0,1,1,2,0,4,1,2,0,1,2,0,0,4,0,0,0
MCCREARY,0.0,0.0,0.0,0.0,0.0,0.0,0.0,0,0.0,0.0,0.0,0,0.0,0.0,0.0,0.0,124.0,0.0,0.0,0.0,0.0,0.0,0.0,0.0,0.0,0.0,0.0,0,0.0,0.0,0.0,0,0.0,0.0,0.0,0,0.0,0.0,0.0,0.0,0.0,0.0,0.0,0,0.0,0.0,0.0,0,0.0,0.0,0.0,0.0,219.33,0.0,0.0,0,0.0,0.0,0.0,0,0.0,0.0,0.0,0.0,0.0,0.0,0.0,0.0,0.0,0.0,0.0,0,0.0,0.0,0.0,0,0.0,0.0,0.0,0.0,0.0,0.0,0.0,0.0,0.0,0.0,0.0,0.0,0.0,0.0,0.0,0.0,0.0,0.0,0.0,0.0,0.0,0.0,0.0,0,0.0,0.0,0.0,0.0,0.0,0.0,0.0,0,0.0,0.0,0.0,0.0,0.0,0.0,0.0,0.0,0.0,0.0,0.0,0.0,0,0,0,0,0,0,0,0,0,0,0,0,0,0,0,0,2,0,0,0,0,0,0,0,0,0,0,0,0,0,0,0,0,0,0,0,0,0,0,0,0,0,0,0,0,0,0,0,0,0,0,0,3,0,0,0,0,0,0,0,0,0,0,0,0,0,0,0,0,0,0,0,0,0,0,0,0,0,0,0,0,0,0,0,0,0,0,0,0,0,0,0,0,0,0,0,0,0,0,0,0,0,0,0,0,0,0,0,0,0,0,0,0,0,0,0,0,0,0,0
MCLEAN,129.57,14.0,49.0,0.0,108.44,18.67,48.67,0,137.92,21.5,40.67,0,88.64,0.0,50.12,0.0,111.41,0.0,50.5,0.0,120.71,25.0,45.35,0.0,105.91,23.0,50.11,0,99.14,16.0,43.75,0,79.0,9.0,0.0,0,107.93,17.0,39.75,0.0,124.28,16.25,44.67,0,162.0,23.0,44.87,0,147.4,19.94,48.26,0.0,89.85,23.67,44.94,0,118.31,0.0,43.44,0,137.58,21.5,47.31,0.0,125.12,0.0,42.5,0.0,134.58,0.0,51.0,0,101.85,22.0,45.46,0,103.62,24.4,46.19,0.0,88.47,0.0,47.42,0.0,303.14,0.0,51.0,0.0,128.99,26.0,46.63,0.0,97.4,0.0,41.0,0.0,90.87,0.0,48.62,0,115.18,20.67,44.07,0.0,128.5,0.0,38.2,0,107.17,0.0,0.0,0.0,66.0,0.0,0.0,0.0,103.0,23.0,46.5,0.0,7,1,1,0,32,3,15,0,26,4,9,0,42,0,8,0,22,0,2,0,14,1,17,0,11,1,9,0,7,1,8,0,1,2,0,0,15,1,4,0,61,12,24,0,37,3,15,0,162,17,34,0,20,9,18,0,13,0,9,0,74,2,26,0,16,0,2,0,65,0,11,0,20,2,13,0,34,5,31,0,19,0,31,0,14,0,3,0,72,2,30,0,10,0,3,0,23,0,21,0,40,3,29,0,6,0,5,0,6,0,0,0,1,0,0,0,7,1,2,0
MEADE,91.42,17.24,41.21,0.0,89.32,17.59,42.87,2,96.66,18.28,45.54,0,94.42,17.95,45.74,4.0,109.06,13.2,42.11,0.0,102.37,21.0,43.93,5.0,101.76,20.09,44.22,0,93.86,18.07,44.85,0,93.18,16.48,43.47,0,111.08,17.9,41.45,1.5,109.36,12.33,40.14,0,175.27,17.89,46.09,0,85.14,19.0,39.8,3.0,141.8,21.67,39.88,0,91.09,19.0,43.0,0,90.33,17.67,46.75,0.0,94.15,19.94,43.48,3.0,85.6,22.17,40.3,0,106.64,16.96,42.32,4,152.71,21.09,43.28,2.0,112.13,18.8,40.88,5.0,119.64,16.85,44.12,0.0,116.79,19.49,42.59,0.0,114.44,17.17,37.12,0.0,96.44,22.12,43.17,0,105.43,19.0,41.59,4.0,107.24,19.41,43.48,0,116.33,21.55,41.17,0.0,112.74,22.76,41.37,0.0,96.64,18.33,39.93,5.0,24,17,34,0,25,22,45,1,53,29,46,0,31,19,43,2,18,10,19,0,43,10,29,1,21,11,9,0,14,15,34,0,33,21,36,0,25,10,22,2,22,6,7,0,26,9,22,0,7,9,10,1,5,3,16,0,11,8,25,0,6,6,8,0,26,17,40,2,10,12,33,0,25,27,40,1,14,11,18,1,23,30,32,1,28,13,34,0,76,39,75,0,18,23,17,0,68,40,115,0,42,15,51,1,55,32,58,0,43,11,53,0,27,25,35,0,14,12,27,1
MENIFEE,0.0,0.0,0.0,0.0,0.0,0.0,0.0,0,0.0,0.0,0.0,0,0.0,0.0,0.0,0.0,0.0,0.0,0.0,0.0,0.0,0.0,0.0,0.0,0.0,0.0,0.0,0,0.0,0.0,0.0,0,0.0,17.67,0.0,0,0.0,10.0,0.0,0.0,0.0,0.0,0.0,0,0.0,0.0,0.0,0,0.0,0.0,0.0,0.0,0.0,0.0,0.0,0,0.0,0.0,0.0,0,207.5,0.0,0.0,0.0,0.0,0.0,0.0,0.0,0.0,0.0,0.0,0,0.0,0.0,0.0,0,0.0,0.0,0.0,0.0,181.67,0.0,0.0,0.0,102.5,0.0,43.0,0.0,120.0,0.0,0.0,0.0,0.0,0.0,0.0,0.0,98.2,23.0,49.0,0,0.0,0.0,0.0,0.0,0.0,0.0,0.0,0,0.0,0.0,0.0,0.0,0.0,0.0,0.0,0.0,0.0,0.0,0.0,0.0,0,0,0,0,0,0,0,0,0,0,0,0,0,0,0,0,0,0,0,0,0,0,0,0,0,0,0,0,0,0,0,0,0,3,0,0,0,1,0,0,0,0,0,0,0,0,0,0,0,0,0,0,0,0,0,0,0,0,0,0,2,0,0,0,0,0,0,0,0,0,0,0,0,0,0,0,0,0,0,0,3,0,0,0,2,0,2,0,1,0,0,0,0,0,0,0,5,1,1,0,0,0,0,0,0,0,0,0,0,0,0,0,0,0,0,0,0,0,0,0
MERCER,319.8,0.0,51.5,0.0,468.45,0.0,0.0,0,354.08,0.0,40.0,0,262.11,0.0,0.0,0.0,134.0,0.0,0.0,0.0,242.25,0.0,53.5,0.0,221.0,0.0,55.0,0,321.14,0.0,53.5,0,211.2,0.0,0.0,0,206.4,0.0,0.0,0.0,504.0,0.0,0.0,0,159.12,0.0,0.0,0,100.0,0.0,0.0,0.0,81.0,24.0,41.5,0,318.53,15.0,0.0,0,207.67,14.75,0.0,0.0,410.33,0.0,0.0,0.0,224.0,0.0,41.0,0,278.0,0.0,47.75,0,343.0,0.0,0.0,0.0,445.95,0.0,48.75,0.0,220.0,22.5,44.0,0.0,315.67,16.0,45.5,0.0,304.17,15.83,46.0,0.0,234.33,0.0,39.88,0,267.2,0.0,53.5,0.0,455.44,0.0,0.0,0,243.0,23.0,39.5,0.0,229.12,21.0,44.33,0.0,381.17,0.0,0.0,0.0,15,0,2,0,11,0,0,0,12,0,2,0,9,0,0,0,9,0,0,0,12,0,4,0,8,0,2,0,7,0,2,0,5,0,0,0,5,0,0,0,1,0,0,0,8,0,0,0,1,0,0,0,2,1,2,0,15,1,0,0,3,4,0,0,6,0,0,0,10,0,1,0,17,0,4,0,1,0,0,0,22,0,4,0,18,2,5,0,3,1,2,0,18,6,2,0,18,0,8,0,10,0,2,0,9,0,0,0,4,1,2,0,8,5,3,0,6,0,0,0
METCALFE,89.2,0.0,0.0,0.0,0.0,0.0,0.0,0,101.0,0.0,55.0,0,118.5,0.0,0.0,0.0,105.0,0.0,0.0,0.0,97.5,0.0,43.5,0.0,105.0,23.5,0.0,0,0.0,0.0,0.0,0,167.5,0.0,0.0,0,0.0,11.0,0.0,0.0,0.0,0.0,0.0,0,0.0,0.0,0.0,0,61.0,22.0,0.0,0.0,0.0,0.0,0.0,0,95.0,0.0,0.0,0,139.71,26.0,0.0,0.0,204.0,0.0,0.0,0.0,0.0,0.0,0.0,0,171.0,0.0,60.0,0,127.5,0.0,43.0,0.0,76.25,0.0,31.0,0.0,152.5,17.0,38.25,0.0,212.67,22.0,0.0,0.0,167.0,0.0,41.0,0.0,140.91,10.5,49.4,0,172.25,15.33,46.3,1.0,163.75,0.0,51.0,0,156.0,0.0,42.0,0.0,152.58,19.33,50.67,0.0,113.31,22.33,48.0,0.0,5,0,0,0,0,0,0,0,10,0,2,0,2,0,0,0,1,0,0,0,2,0,2,0,1,2,0,0,0,0,0,0,2,0,0,0,0,1,0,0,0,0,0,0,0,0,0,0,1,1,0,0,0,0,0,0,1,0,0,0,7,1,0,0,2,0,0,0,0,0,0,0,1,0,1,0,2,0,3,0,4,0,1,0,2,1,4,0,3,1,0,0,2,0,3,0,11,2,5,0,12,6,10,1,8,0,1,0,3,0,1,0,24,6,3,0,26,3,14,0
MONROE,0.0,0.0,0.0,0.0,0.0,0.0,0.0,0,560.0,0.0,0.0,0,0.0,0.0,0.0,0.0,0.0,0.0,0.0,0.0,126.0,0.0,0.0,0.0,0.0,0.0,0.0,0,0.0,0.0,0.0,0,0.0,0.0,0.0,0,98.5,0.0,0.0,0.0,0.0,0.0,0.0,0,0.0,0.0,0.0,0,0.0,0.0,0.0,0.0,0.0,0.0,0.0,0,0.0,0.0,0.0,0,0.0,0.0,0.0,0.0,0.0,0.0,0.0,0.0,0.0,19.0,47.0,0,0.0,0.0,0.0,0,206.0,0.0,0.0,0.0,0.0,0.0,0.0,0.0,182.0,23.0,28.0,0.0,181.93,18.0,44.57,0.0,158.0,0.0,39.4,0.0,80.0,20.0,0.0,0,134.0,0.0,41.0,0.0,90.0,0.0,38.0,0,0.0,0.0,52.0,0.0,0.0,0.0,0.0,0.0,79.0,0.0,48.0,0.0,0,0,0,0,0,0,0,0,1,0,0,0,0,0,0,0,0,0,0,0,3,0,0,0,0,0,0,0,0,0,0,0,0,0,0,0,2,0,0,0,0,0,0,0,0,0,0,0,0,0,0,0,0,0,0,0,0,0,0,0,0,0,0,0,0,0,0,0,0,1,1,0,0,0,0,0,1,0,0,0,0,0,0,0,20,1,2,0,14,3,14,0,5,0,5,0,2,1,0,0,4,0,2,0,1,0,1,0,0,0,2,0,0,0,0,0,1,0,1,0
MONTGOMERY,87.5,16.67,40.0,0.0,110.69,0.0,41.7,0,0.0,0.0,48.5,0,78.75,0.0,44.67,0.0,0.0,0.0,0.0,0.0,0.0,0.0,0.0,0.0,101.67,0.0,54.0,0,0.0,0.0,0.0,0,93.5,17.0,0.0,0,100.0,0.0,55.0,0.0,0.0,0.0,39.0,0,195.0,9.0,39.0,0,0.0,0.0,0.0,0.0,0.0,0.0,0.0,0,138.0,0.0,0.0,0,77.0,0.0,42.0,0.0,194.0,0.0,56.0,0.0,134.0,0.0,51.0,0,0.0,0.0,0.0,0,152.33,0.0,0.0,0.0,98.5,17.0,0.0,0.0,102.0,16.0,52.67,0.0,126.6,18.0,41.6,0.0,158.5,20.67,38.0,0.0,117.11,24.5,54.0,0,0.0,0.0,0.0,0.0,62.0,0.0,0.0,0,142.93,23.5,40.0,0.0,61.0,0.0,43.0,0.0,118.17,26.0,48.67,0.0,4,6,3,0,13,0,10,0,0,0,2,0,4,0,3,0,0,0,0,0,0,0,0,0,3,0,1,0,0,0,0,0,2,2,0,0,1,0,1,0,0,0,1,0,1,1,1,0,0,0,0,0,0,0,0,0,2,0,0,0,1,0,1,0,1,0,1,0,1,0,1,0,0,0,0,0,3,0,0,0,2,1,0,0,3,1,3,0,5,1,5,0,8,3,2,0,27,2,5,0,0,0,0,0,1,0,0,0,15,2,6,0,1,0,1,0,6,1,3,0
MORGAN,0.0,0.0,0.0,0.0,0.0,0.0,0.0,0,0.0,0.0,0.0,0,0.0,0.0,0.0,0.0,0.0,0.0,0.0,0.0,0.0,0.0,0.0,0.0,0.0,0.0,0.0,0,0.0,0.0,0.0,0,0.0,0.0,0.0,0,0.0,0.0,0.0,0.0,0.0,0.0,28.0,0,0.0,0.0,0.0,0,245.0,0.0,0.0,0.0,0.0,0.0,0.0,0,0.0,0.0,0.0,0,0.0,0.0,0.0,0.0,0.0,22.0,60.0,0.0,0.0,0.0,0.0,0,0.0,0.0,0.0,0,87.0,0.0,0.0,0.0,0.0,0.0,0.0,0.0,0.0,6.0,0.0,0.0,0.0,9.0,0.0,0.0,0.0,0.0,44.0,0.0,0.0,0.0,0.0,0,0.0,0.0,0.0,0.0,0.0,0.0,0.0,0,0.0,0.0,0.0,0.0,0.0,0.0,0.0,0.0,0.0,0.0,0.0,0.0,0,0,0,0,0,0,0,0,0,0,0,0,0,0,0,0,0,0,0,0,0,0,0,0,0,0,0,0,0,0,0,0,0,0,0,0,0,0,0,0,0,0,1,0,0,0,0,0,1,0,0,0,0,0,0,0,0,0,0,0,0,0,0,0,0,1,1,0,0,0,0,0,0,0,0,0,1,0,0,0,0,0,0,0,0,1,0,0,0,1,0,0,0,0,1,0,0,0,0,0,0,0,0,0,0,0,0,0,0,0,0,0,0,0,0,0,0,0,0,0
MUHLENBERG,96.67,25.0,46.5,0.0,131.78,26.0,43.14,0,112.67,19.22,38.67,0,67.67,13.67,41.0,0.0,91.43,26.0,40.88,0.0,98.28,20.67,40.3,0.0,118.86,0.0,51.33,0,86.0,0.0,41.25,0,90.0,0.0,0.0,0,125.17,27.0,0.0,0.0,87.5,25.33,49.0,0,197.0,0.0,36.0,0,132.9,21.0,44.67,0.0,117.88,21.0,43.67,0,194.5,0.0,55.0,0,84.2,17.6,40.86,0.0,93.71,25.0,35.43,0.0,108.11,13.78,41.14,0,133.33,23.0,39.0,0,86.21,22.0,44.62,0.0,92.57,21.0,39.71,0.0,80.67,19.33,37.33,0.0,87.22,24.0,37.92,0.0,98.5,18.0,39.31,0.0,90.79,16.54,44.4,0,105.42,24.0,47.35,0.0,84.22,21.55,41.61,0,0.0,17.94,43.29,3.0,145.56,18.5,40.38,0.0,113.33,10.71,37.6,5.0,3,2,4,0,18,2,7,0,6,9,6,0,3,15,15,0,7,2,8,0,18,3,10,0,7,0,3,0,1,0,4,0,1,0,0,0,6,1,0,0,10,3,10,0,1,0,1,0,10,2,9,0,16,1,9,0,2,0,1,0,5,5,7,0,14,3,7,0,9,9,7,0,3,2,1,0,14,3,13,0,7,1,7,0,3,3,6,0,9,2,12,0,8,5,13,0,14,13,20,0,26,1,20,0,9,11,23,0,0,16,21,1,9,10,13,0,6,14,10,1
NELSON,139.47,20.62,43.71,0.0,135.41,16.16,39.46,2,143.82,19.33,42.59,0,140.86,16.0,45.11,0.0,133.47,19.86,45.9,0.0,126.19,19.12,41.37,5.0,136.13,21.0,44.75,0,165.65,14.33,42.59,0,118.32,15.07,41.62,4,139.69,20.0,44.16,0.0,227.79,24.0,41.0,0,165.74,22.33,46.96,0,163.15,16.71,41.05,0.0,177.06,17.5,45.71,4,186.66,19.08,43.37,0,167.85,19.62,47.0,0.0,166.75,18.82,39.72,0.0,162.28,20.46,43.02,0,147.62,19.67,45.41,0,162.09,21.83,42.34,0.0,188.71,20.67,42.76,0.0,140.86,19.92,47.04,0.0,168.94,17.34,44.69,0.0,188.13,20.86,41.72,0.0,163.42,17.05,42.26,0,160.25,19.35,47.98,2.0,182.0,19.91,41.34,5,173.3,18.0,43.61,3.71,174.33,22.36,45.6,0.0,170.94,20.58,42.51,4.0,72,8,34,0,49,19,24,1,28,9,17,0,37,7,27,0,36,14,20,0,36,8,19,1,30,5,16,0,34,6,17,0,22,15,16,1,26,5,19,0,28,1,16,0,65,6,25,0,74,31,43,0,33,12,14,1,59,12,27,0,46,16,35,0,48,11,29,0,108,24,60,0,72,27,46,0,66,24,53,0,109,24,63,0,72,12,46,0,96,29,59,0,70,35,46,0,77,37,76,0,60,17,47,1,111,44,89,1,46,20,44,7,30,11,20,0,70,40,72,1
NICHOLAS,380.0,0.0,0.0,0.0,111.33,26.0,53.0,0,0.0,0.0,0.0,0,0.0,0.0,0.0,0.0,0.0,0.0,0.0,0.0,0.0,0.0,0.0,0.0,191.0,20.0,35.0,0,0.0,0.0,0.0,0,0.0,0.0,0.0,0,0.0,0.0,0.0,0.0,0.0,0.0,0.0,0,0.0,0.0,0.0,0,0.0,19.0,38.0,0.0,93.0,0.0,37.0,0,89.0,8.0,41.0,0,0.0,0.0,0.0,0.0,0.0,0.0,0.0,0.0,118.2,0.0,40.75,0,0.0,0.0,0.0,0,0.0,0.0,0.0,0.0,0.0,15.0,0.0,0.0,161.56,9.5,60.0,0.0,109.29,17.67,42.8,0.0,104.14,21.5,42.0,0.0,156.71,21.0,46.0,0,103.88,22.12,38.64,0.0,114.13,20.0,48.8,0,151.0,19.33,40.45,0.0,92.8,25.0,50.0,0.0,140.0,0.0,38.0,0.0,1,0,0,0,3,1,2,0,0,0,0,0,0,0,0,0,0,0,0,0,0,0,0,0,6,2,2,0,0,0,0,0,0,0,0,0,0,0,0,0,0,0,0,0,0,0,0,0,0,2,1,0,2,0,4,0,4,1,4,0,0,0,0,0,0,0,0,0,5,0,4,0,0,0,0,0,0,0,0,0,0,1,0,0,9,2,1,0,7,3,10,0,7,4,2,0,7,2,1,0,8,8,11,0,15,6,5,0,8,6,11,0,5,2,2,0,3,0,4,0
OHIO,111.59,27.0,49.22,0.0,97.65,0.0,47.12,0,83.84,21.27,45.44,0,92.8,23.5,42.25,0.0,92.11,21.0,38.79,0.0,96.96,21.87,44.7,0.0,107.5,20.67,38.67,0,86.62,19.56,44.05,0,93.71,19.25,44.67,0,136.09,21.33,44.85,0.0,70.5,17.5,45.17,0,82.6,15.0,40.5,0,102.92,17.67,39.15,3.5,118.2,25.0,36.88,0,89.33,21.5,39.14,0,104.83,19.4,42.69,0.0,107.57,13.75,40.6,0.0,118.11,17.57,45.19,0,127.04,20.39,42.85,0,155.86,13.0,37.0,5.0,161.07,17.0,43.76,0.0,103.0,20.25,37.2,0.0,147.75,13.3,37.67,5.0,157.18,9.0,49.33,3.33,105.05,19.88,43.58,0,82.0,27.0,34.5,0.0,87.5,15.0,36.33,0,92.0,0.0,55.0,0.0,69.33,0.0,46.0,0.0,120.5,14.0,53.0,0.0,27,2,18,0,26,0,24,0,37,11,43,0,20,2,16,0,9,5,14,0,24,15,20,0,8,3,9,0,8,9,22,0,7,4,6,0,11,6,13,0,2,2,6,0,10,1,6,0,12,15,27,4,15,1,8,0,6,2,7,0,30,5,32,0,14,4,20,0,36,7,16,0,26,28,46,0,14,5,7,1,61,6,17,0,2,4,5,0,4,10,3,2,11,3,3,3,77,8,45,0,1,1,2,0,2,3,3,0,2,0,2,0,3,0,1,0,2,1,1,0
OLDHAM,150.33,18.17,40.88,0.0,68.0,16.83,40.0,0,118.6,16.33,56.0,0,103.0,19.33,45.2,0.0,96.0,15.0,40.0,0.0,0.0,13.67,0.0,0.0,0.0,0.0,47.5,0,771.0,22.0,38.8,0,90.5,18.67,41.67,0,131.5,20.6,45.0,0.0,106.33,19.0,35.5,0,401.67,16.75,38.0,0,162.5,22.0,45.75,0.0,131.33,15.0,40.67,0,94.0,0.0,41.0,0,92.25,22.33,43.67,0.0,61.0,0.0,34.5,0.0,141.57,19.5,41.86,0,0.0,24.0,43.62,0,0.0,0.0,0.0,0.0,0.0,0.0,30.5,0.0,96.0,0.0,0.0,0.0,0.0,0.0,0.0,0.0,0.0,0.0,0.0,0.0,75.0,17.0,57.0,0,0.0,10.0,0.0,0.0,133.0,0.0,0.0,0,0.0,22.25,31.0,0.0,0.0,15.0,29.0,0.0,256.67,0.0,0.0,0.0,3,6,8,0,1,6,3,0,5,3,1,0,4,3,5,0,2,1,1,0,0,3,0,0,0,0,2,0,1,1,5,0,2,6,6,0,6,5,3,0,3,1,2,0,3,4,2,0,2,2,4,0,6,5,9,0,1,0,3,0,4,3,3,0,1,0,2,0,7,2,7,0,0,1,8,0,0,0,0,0,0,0,2,0,1,0,0,0,0,0,0,0,0,0,0,0,1,1,1,0,0,1,0,0,1,0,0,0,0,4,2,0,0,1,1,0,3,0,0,0
OWEN,0.0,0.0,0.0,0.0,0.0,0.0,0.0,0,0.0,0.0,0.0,0,0.0,0.0,0.0,0.0,0.0,0.0,0.0,0.0,0.0,0.0,0.0,0.0,0.0,0.0,0.0,0,0.0,0.0,0.0,0,0.0,0.0,0.0,0,0.0,0.0,44.0,0.0,0.0,0.0,0.0,0,0.0,0.0,0.0,0,75.0,0.0,57.0,0.0,0.0,0.0,0.0,0,0.0,0.0,0.0,0,0.0,0.0,0.0,0.0,0.0,0.0,0.0,0.0,0.0,0.0,0.0,0,0.0,10.0,46.0,0,0.0,0.0,0.0,0.0,0.0,0.0,0.0,0.0,0.0,0.0,0.0,0.0,0.0,0.0,0.0,0.0,0.0,0.0,0.0,0.0,0.0,0.0,0.0,0,0.0,0.0,0.0,0.0,159.5,0.0,34.0,0,96.0,0.0,50.0,0.0,83.5,0.0,39.0,0.0,0.0,20.0,0.0,0.0,0,0,0,0,0,0,0,0,0,0,0,0,0,0,0,0,0,0,0,0,0,0,0,0,0,0,0,0,0,0,0,0,0,0,0,0,0,0,1,0,0,0,0,0,0,0,0,0,1,0,1,0,0,0,0,0,0,0,0,0,0,0,0,0,0,0,0,0,0,0,0,0,0,1,1,0,0,0,0,0,0,0,0,0,0,0,0,0,0,0,0,0,0,0,0,0,0,0,0,0,0,0,0,0,2,0,1,0,1,0,1,0,2,0,1,0,0,1,0,0
OWSLEY,0.0,0.0,0.0,0.0,0.0,0.0,0.0,0,0.0,0.0,0.0,0,0.0,0.0,0.0,0.0,0.0,0.0,0.0,0.0,0.0,0.0,0.0,0.0,0.0,0.0,0.0,0,0.0,0.0,0.0,0,0.0,0.0,0.0,0,0.0,0.0,0.0,0.0,0.0,0.0,0.0,0,67.0,0.0,57.0,0,151.0,0.0,0.0,0.0,0.0,0.0,0.0,0,0.0,0.0,0.0,0,0.0,0.0,0.0,0.0,0.0,0.0,0.0,0.0,0.0,22.0,28.0,0,0.0,0.0,0.0,0,0.0,0.0,0.0,0.0,0.0,0.0,0.0,0.0,0.0,0.0,0.0,0.0,0.0,0.0,0.0,0.0,0.0,0.0,0.0,0.0,0.0,0.0,0.0,0,0.0,0.0,31.0,0.0,0.0,0.0,0.0,0,0.0,0.0,0.0,0.0,0.0,0.0,0.0,0.0,0.0,0.0,0.0,0.0,0,0,0,0,0,0,0,0,0,0,0,0,0,0,0,0,0,0,0,0,0,0,0,0,0,0,0,0,0,0,0,0,0,0,0,0,0,0,0,0,0,0,0,0,1,0,1,0,1,0,0,0,0,0,0,0,0,0,0,0,0,0,0,0,0,0,0,0,0,1,1,0,0,0,0,0,0,0,0,0,0,0,0,0,0,0,0,0,0,0,0,0,0,0,0,0,0,0,0,0,0,0,1,0,0,0,0,0,0,0,0,0,0,0,0,0,0,0,0,0
PENDLETON,175.0,0.0,0.0,0.0,0.0,0.0,0.0,0,0.0,0.0,0.0,0,171.0,0.0,0.0,0.0,0.0,0.0,0.0,0.0,114.0,0.0,0.0,0.0,507.33,0.0,0.0,0,0.0,0.0,0.0,0,271.5,0.0,0.0,0,240.06,0.0,0.0,0.0,189.56,0.0,0.0,0,0.0,0.0,0.0,0,230.5,0.0,48.0,0.0,0.0,0.0,0.0,0,151.0,0.0,53.0,0,223.0,0.0,0.0,0.0,95.0,0.0,31.0,0.0,0.0,0.0,0.0,0,0.0,0.0,0.0,0,84.5,0.0,0.0,0.0,150.75,0.0,51.0,0.0,172.97,20.2,40.57,0.0,195.45,16.0,34.5,0.0,173.86,19.33,51.73,0.0,145.88,15.4,42.5,0,123.85,19.25,48.08,0.0,174.71,18.0,39.57,0,141.1,16.0,50.5,0.0,205.88,14.0,31.0,0.0,0.0,0.0,0.0,0.0,1,0,0,0,0,0,0,0,0,0,0,0,1,0,0,0,0,0,0,0,1,0,0,0,3,0,0,0,0,0,0,0,2,0,0,0,17,0,0,0,9,0,0,0,0,0,0,0,8,0,1,0,0,0,0,0,9,0,1,0,3,0,0,0,2,0,1,0,0,0,0,0,0,0,0,0,2,0,0,0,8,0,1,0,31,5,7,0,29,8,8,0,22,6,11,0,26,5,12,0,13,4,12,0,24,3,7,0,10,1,2,0,8,1,2,0,0,0,0,0
PERRY,0.0,0.0,0.0,0.0,0.0,0.0,0.0,0,0.0,0.0,38.0,0,0.0,0.0,0.0,0.0,0.0,0.0,0.0,0.0,0.0,0.0,0.0,0.0,0.0,0.0,0.0,0,0.0,0.0,0.0,0,0.0,0.0,0.0,0,0.0,0.0,0.0,0.0,88.0,0.0,0.0,0,0.0,0.0,0.0,0,0.0,0.0,0.0,0.0,0.0,0.0,0.0,0,0.0,0.0,0.0,0,0.0,0.0,0.0,0.0,0.0,0.0,0.0,0.0,0.0,0.0,0.0,0,0.0,0.0,0.0,0,0.0,0.0,0.0,0.0,0.0,0.0,0.0,0.0,0.0,0.0,0.0,0.0,0.0,0.0,0.0,0.0,0.0,12.0,0.0,0.0,0.0,0.0,0.0,0,0.0,0.0,29.0,0.0,0.0,0.0,0.0,0,0.0,0.0,0.0,0.0,0.0,0.0,0.0,0.0,0.0,0.0,0.0,0.0,0,0,0,0,0,0,0,0,0,0,1,0,0,0,0,0,0,0,0,0,0,0,0,0,0,0,0,0,0,0,0,0,0,0,0,0,0,0,0,0,1,0,0,0,0,0,0,0,0,0,0,0,0,0,0,0,0,0,0,0,0,0,0,0,0,0,0,0,0,0,0,0,0,0,0,0,0,0,0,0,0,0,0,0,0,0,0,0,0,0,0,0,0,1,0,0,0,0,0,0,0,0,1,0,0,0,0,0,0,0,0,0,0,0,0,0,0,0,0,0
PIKE,0.0,0.0,0.0,0.0,0.0,0.0,0.0,0,0.0,0.0,0.0,0,0.0,0.0,0.0,0.0,0.0,0.0,0.0,0.0,0.0,0.0,0.0,0.0,0.0,0.0,0.0,0,0.0,0.0,0.0,0,0.0,0.0,0.0,0,0.0,0.0,0.0,0.0,0.0,0.0,0.0,0,0.0,0.0,0.0,0,0.0,0.0,0.0,0.0,0.0,0.0,0.0,0,0.0,0.0,0.0,0,0.0,0.0,0.0,0.0,0.0,0.0,0.0,0.0,0.0,0.0,0.0,0,0.0,0.0,0.0,0,0.0,0.0,0.0,0.0,0.0,0.0,0.0,0.0,0.0,0.0,0.0,0.0,0.0,0.0,0.0,0.0,0.0,0.0,0.0,0.0,0.0,0.0,0.0,0,0.0,0.0,0.0,0.0,0.0,0.0,0.0,0,0.0,0.0,0.0,0.0,82.5,0.0,0.0,0.0,0.0,0.0,0.0,0.0,0,0,0,0,0,0,0,0,0,0,0,0,0,0,0,0,0,0,0,0,0,0,0,0,0,0,0,0,0,0,0,0,0,0,0,0,0,0,0,0,0,0,0,0,0,0,0,0,0,0,0,0,0,0,0,0,0,0,0,0,0,0,0,0,0,0,0,0,0,0,0,0,0,0,0,0,0,0,0,0,0,0,0,0,0,0,0,0,0,0,0,0,0,0,0,0,0,0,0,0,0,0,0,0,0,0,0,0,0,0,0,0,2,0,0,0,0,0,0,0
POWELL,94.0,24.67,54.0,0.0,0.0,0.0,0.0,0,0.0,0.0,0.0,0,0.0,18.0,37.0,0.0,0.0,0.0,0.0,0.0,192.0,0.0,0.0,0.0,0.0,0.0,0.0,0,163.0,0.0,50.0,0,0.0,22.5,50.5,0,0.0,21.5,36.0,0.0,0.0,0.0,0.0,0,0.0,0.0,0.0,0,0.0,0.0,0.0,0.0,87.5,0.0,0.0,0,577.0,11.0,0.0,0,110.0,22.0,43.5,0.0,0.0,0.0,0.0,0.0,0.0,0.0,0.0,0,0.0,11.0,0.0,0,268.5,14.67,37.4,0.0,0.0,0.0,0.0,0.0,0.0,0.0,0.0,0.0,0.0,0.0,0.0,0.0,76.0,18.0,0.0,0.0,190.0,14.67,0.0,0,102.0,16.0,51.0,3.5,0.0,0.0,0.0,0,0.0,0.0,0.0,0.0,64.0,8.25,31.0,0.0,0.0,0.0,0.0,0.0,2,3,2,0,0,0,0,0,0,0,0,0,0,1,1,0,0,0,0,0,1,0,0,0,0,0,0,0,7,0,1,0,0,8,2,0,0,2,1,0,0,0,0,0,0,0,0,0,0,0,0,0,2,0,0,0,1,1,0,0,2,1,2,0,0,0,0,0,0,0,0,0,0,1,0,0,2,3,5,0,0,0,0,0,0,0,0,0,0,0,0,0,1,4,0,0,1,6,0,0,1,5,1,2,0,0,0,0,0,0,0,0,1,4,2,0,0,0,0,0
PULASKI,140.9,12.0,41.14,0.0,110.37,0.0,45.0,0,111.25,0.0,41.75,0,145.11,19.0,40.14,0.0,117.92,16.4,44.7,0.0,153.0,14.5,50.0,0.0,109.09,23.0,45.5,0,112.69,22.0,42.67,0,110.88,25.0,48.22,0,106.89,27.0,44.92,0.0,119.38,0.0,50.7,0,116.54,18.38,44.38,0,128.5,24.4,40.79,0.0,108.97,23.0,46.76,0,95.41,0.0,44.12,0,141.56,18.0,44.22,0.0,161.62,19.0,43.39,0.0,142.69,24.33,42.77,0,118.89,24.5,43.34,0,144.24,23.57,44.59,0.0,107.17,23.71,45.57,0.0,113.12,20.62,43.62,0.0,130.46,20.29,43.44,0.0,115.89,17.44,42.24,5.0,120.35,16.92,46.72,0,146.89,18.53,42.05,4.0,115.79,20.15,43.42,0,110.55,21.15,41.72,0.0,126.57,22.57,44.79,0.0,127.13,22.0,42.8,0.0,20,1,14,0,19,0,10,0,12,0,8,0,9,2,7,0,12,5,10,0,11,2,3,0,33,4,14,0,29,2,12,0,8,1,9,0,19,1,12,0,16,0,10,0,28,8,16,0,24,5,24,0,38,3,29,0,17,0,24,0,73,5,36,0,47,9,41,0,35,6,39,0,57,2,35,0,68,7,49,0,48,7,56,0,58,13,52,0,85,21,80,0,44,25,46,1,49,12,40,0,47,15,57,1,38,13,43,0,29,13,40,0,21,7,28,0,15,9,35,0
ROBERTSON,0.0,0.0,0.0,0.0,0.0,0.0,0.0,0,0.0,0.0,0.0,0,0.0,0.0,0.0,0.0,0.0,0.0,0.0,0.0,0.0,0.0,0.0,0.0,0.0,0.0,0.0,0,0.0,0.0,0.0,0,0.0,0.0,0.0,0,0.0,0.0,0.0,0.0,0.0,0.0,0.0,0,0.0,0.0,0.0,0,0.0,0.0,0.0,0.0,0.0,0.0,0.0,0,0.0,0.0,0.0,0,0.0,0.0,0.0,0.0,0.0,0.0,0.0,0.0,177.0,0.0,0.0,0,0.0,0.0,0.0,0,159.0,0.0,59.0,0.0,0.0,22.5,33.0,0.0,0.0,0.0,0.0,0.0,240.0,0.0,52.0,0.0,429.5,14.0,56.0,0.0,224.8,18.0,44.0,0,143.75,0.0,0.0,0.0,378.0,0.0,0.0,0,0.0,0.0,0.0,0.0,316.2,0.0,0.0,0.0,0.0,0.0,0.0,0.0,0,0,0,0,0,0,0,0,0,0,0,0,0,0,0,0,0,0,0,0,0,0,0,0,0,0,0,0,0,0,0,0,0,0,0,0,0,0,0,0,0,0,0,0,0,0,0,0,0,0,0,0,0,0,0,0,0,0,0,0,0,0,0,0,0,0,0,0,1,0,0,0,0,0,0,0,1,0,1,0,0,2,1,0,0,0,0,0,1,0,1,0,2,2,1,0,5,5,2,0,4,0,0,0,1,0,0,0,0,0,0,0,5,0,0,0,0,0,0,0
ROCKCASTLE,92.0,0.0,39.0,0.0,106.4,22.67,43.15,0,98.67,25.0,46.0,0,127.9,0.0,48.0,0.0,125.3,20.4,41.92,0.0,88.38,0.0,50.2,0.0,101.71,23.0,46.75,0,89.5,20.6,46.27,0,112.47,23.5,43.44,0,111.47,22.8,40.33,0.0,91.57,22.0,44.0,0,97.86,0.0,47.91,0,86.67,0.0,49.0,0.0,0.0,0.0,49.5,0,0.0,0.0,0.0,0,101.4,0.0,49.0,0.0,158.22,24.0,49.0,0.0,95.57,16.0,44.38,0,0.0,12.5,0.0,0,88.44,17.5,47.31,0.0,135.0,0.0,60.0,0.0,195.0,15.67,50.0,0.0,124.1,19.0,42.26,0.0,135.62,13.5,42.88,0.0,0.0,0.0,0.0,0,140.0,0.0,51.0,0.0,0.0,0.0,0.0,0,0.0,0.0,32.33,0.0,0.0,0.0,47.0,0.0,79.0,0.0,0.0,0.0,1,0,1,0,15,6,13,0,9,2,3,0,10,0,2,0,10,5,12,0,8,0,5,0,7,1,4,0,8,5,11,0,15,2,9,0,17,5,15,0,7,2,6,0,14,0,11,0,3,0,9,0,0,0,2,0,0,0,0,0,15,0,5,0,9,1,5,0,7,2,13,0,0,2,0,0,18,4,13,0,9,0,1,0,2,3,1,0,10,3,19,0,8,2,8,0,0,0,0,0,1,0,1,0,0,0,0,0,0,0,3,0,0,0,3,0,3,0,0,0
ROWAN,0.0,0.0,0.0,0.0,0.0,0.0,0.0,0,0.0,0.0,0.0,0,0.0,0.0,0.0,0.0,0.0,0.0,0.0,0.0,0.0,0.0,0.0,0.0,0.0,0.0,0.0,0,95.5,0.0,54.0,0,0.0,0.0,0.0,0,0.0,0.0,0.0,0.0,83.0,0.0,0.0,0,0.0,0.0,0.0,0,93.0,0.0,0.0,0.0,0.0,0.0,0.0,0,0.0,0.0,0.0,0,0.0,0.0,0.0,0.0,94.33,0.0,51.0,0.0,88.5,0.0,55.0,0,0.0,0.0,0.0,5,103.0,0.0,58.0,0.0,188.0,0.0,0.0,0.0,201.0,16.5,41.0,0.0,464.0,18.0,32.0,0.0,94.5,14.5,0.0,0.0,543.67,0.0,0.0,0,212.57,19.2,36.5,0.0,145.33,19.2,46.5,0,0.0,11.0,0.0,5.0,0.0,0.0,0.0,0.0,0.0,7.0,29.0,0.0,0,0,0,0,0,0,0,0,0,0,0,0,0,0,0,0,0,0,0,0,0,0,0,0,0,0,0,0,2,0,1,0,0,0,0,0,0,0,0,0,1,0,0,0,0,0,0,0,1,0,0,0,0,0,0,0,0,0,0,0,0,0,0,0,3,0,1,0,2,0,1,0,0,0,0,1,1,0,2,0,1,0,0,0,1,2,3,0,1,4,1,0,2,2,0,0,3,0,0,0,7,5,4,0,3,5,2,0,0,3,0,1,0,0,0,0,0,1,1,0
RUSSELL,148.77,20.33,39.92,0.0,77.67,0.0,0.0,0,120.25,13.0,41.17,0,109.0,24.0,51.67,0.0,91.71,21.0,35.67,0.0,169.0,0.0,36.0,0.0,168.5,9.0,42.33,0,201.3,0.0,40.8,0,134.5,21.0,47.0,0,91.0,22.0,47.0,0.0,132.57,20.8,35.43,0,144.83,23.0,42.4,0,128.9,26.0,41.5,0.0,225.5,22.0,56.0,0,254.67,19.0,40.0,0,219.0,0.0,41.5,0.0,230.31,21.75,43.0,0.0,249.08,10.33,44.0,0,173.0,21.8,38.0,0,148.15,25.0,40.8,0.0,270.81,0.0,53.25,0.0,92.85,18.88,39.52,0.0,131.29,16.83,35.91,0.0,166.05,22.11,43.69,0.0,157.35,23.0,43.88,0,169.9,14.67,48.33,4.0,175.54,18.5,44.6,5,146.8,18.55,42.58,0.0,163.28,18.05,42.54,0.0,408.0,20.0,49.0,0.0,13,3,12,0,3,0,0,0,8,7,6,0,2,1,3,0,7,2,3,0,2,0,1,0,4,1,3,0,10,0,5,0,6,3,2,0,9,3,12,0,7,5,7,0,6,3,5,0,10,1,2,0,2,4,1,0,3,2,6,0,4,0,4,0,13,4,4,0,13,3,2,0,12,5,2,0,34,1,15,0,16,0,4,0,27,17,21,0,28,12,11,0,21,9,13,0,43,5,17,0,30,3,15,1,13,10,5,1,44,20,31,0,43,19,35,0,1,1,1,0
SCOTT,174.0,0.0,0.0,0.0,398.0,0.0,0.0,0,339.86,0.0,0.0,0,0.0,0.0,0.0,0.0,422.0,0.0,0.0,0.0,346.3,26.0,0.0,0.0,278.15,0.0,56.0,0,264.65,0.0,51.0,0,239.19,0.0,0.0,0,268.45,0.0,0.0,0.0,332.36,0.0,0.0,0,0.0,23.0,0.0,0,120.0,0.0,0.0,0.0,121.6,23.0,51.0,0,189.33,24.0,38.0,0,187.8,0.0,49.0,0.0,269.11,20.0,40.75,0.0,203.71,20.0,56.0,0,284.0,23.0,41.0,0,0.0,0.0,0.0,0.0,464.75,26.0,0.0,0.0,260.6,6.5,39.86,0.0,350.52,6.0,55.0,0.0,313.76,0.0,45.25,0.0,297.21,19.0,45.31,0,256.34,0.0,49.67,0.0,364.0,21.0,38.0,0,288.0,0.0,35.57,0.0,425.04,0.0,44.0,0.0,412.43,0.0,0.0,0.0,1,0,0,0,1,0,0,0,7,0,0,0,0,0,0,0,1,0,0,0,10,1,0,0,20,0,1,0,26,0,1,0,21,0,0,0,20,0,0,0,14,0,0,0,0,1,0,0,2,0,0,0,5,1,3,0,9,1,2,0,10,0,4,0,19,1,12,0,7,1,1,0,8,1,2,0,0,0,0,0,20,1,0,0,20,2,7,0,48,1,1,0,21,0,4,0,34,3,13,0,38,0,3,0,14,1,3,0,44,0,7,0,25,0,2,0,7,0,0,0
SHELBY,127.47,18.0,46.0,0.0,176.67,23.0,43.71,0,225.81,21.0,50.0,0,152.25,20.3,39.96,0.0,232.83,22.33,45.91,0.0,230.44,17.57,44.14,0.0,179.19,20.5,45.3,0,206.35,22.32,41.54,0,177.9,20.59,43.26,0,178.2,19.96,43.41,0.0,144.45,21.75,42.0,0,220.0,24.4,42.25,0,218.38,22.14,40.87,0.0,114.31,24.5,43.83,0,176.86,21.83,45.5,0,214.02,19.0,45.07,0.0,201.22,23.25,45.58,0.0,252.09,17.93,45.64,0,219.87,25.25,47.5,0,158.49,20.75,39.73,0.0,147.97,22.1,39.83,0.0,167.36,20.0,45.56,0.0,158.63,19.0,39.63,0.0,205.43,14.73,40.89,5.0,175.24,21.0,40.42,0,165.3,16.0,51.8,0.0,205.49,24.0,40.6,0,195.56,17.57,43.43,0.0,110.17,17.67,41.0,0.0,225.03,17.0,49.8,0.0,15,9,7,0,15,5,17,0,16,1,3,0,32,23,27,0,41,3,11,0,185,23,49,0,54,8,27,0,95,22,37,0,195,22,61,0,108,24,54,0,42,4,22,0,53,5,16,0,40,7,15,0,13,2,12,0,22,6,16,0,45,7,14,0,90,12,33,0,58,15,11,0,38,4,12,0,39,4,11,0,33,10,23,0,36,4,9,0,63,6,30,0,70,11,9,1,37,4,12,0,30,1,5,0,35,1,5,0,27,7,7,0,6,3,3,0,29,10,5,0
SIMPSON,109.97,19.79,44.32,4.0,106.55,21.5,44.92,0,121.22,19.0,46.2,0,110.54,14.5,47.0,0.0,93.04,13.75,50.27,0.0,93.8,19.67,47.67,0.0,75.29,11.33,45.0,0,82.22,23.33,50.71,0,109.83,0.0,48.57,0,94.58,24.33,46.92,0.0,104.84,17.0,43.25,0,204.57,0.0,50.17,0,95.62,0.0,39.6,0.0,120.07,0.0,51.22,0,100.25,26.0,44.44,0,100.8,0.0,44.0,0.0,74.4,21.67,43.0,0.0,169.56,0.0,50.67,0,172.36,0.0,56.0,0,122.86,27.0,40.5,0.0,108.67,14.0,34.25,0.0,131.33,16.33,46.0,0.0,73.33,23.0,39.0,0.0,0.0,0.0,0.0,0.0,97.31,15.0,47.11,0,91.2,0.0,0.0,0.0,90.6,18.5,43.64,0,99.22,26.0,40.0,5.0,71.5,0.0,35.0,0.0,103.5,15.67,41.45,0.0,94,14,63,1,31,4,13,0,32,5,15,0,37,4,13,0,23,4,11,0,25,3,18,0,7,3,7,0,9,3,7,0,29,0,7,0,12,3,13,0,19,1,8,0,28,0,12,0,13,0,5,0,15,0,9,0,8,1,9,0,5,0,3,0,5,3,4,0,9,0,6,0,14,0,2,0,7,1,4,0,3,2,4,0,3,3,3,0,3,1,1,0,0,0,0,0,16,1,9,0,5,0,0,0,5,2,11,0,9,1,2,1,2,0,1,0,6,3,11,0
SPENCER,443.15,25.0,0.0,0.0,206.31,23.0,41.0,0,446.5,0.0,40.5,0,261.5,0.0,37.67,0.0,157.8,18.0,43.33,0.0,230.45,26.0,0.0,0.0,251.67,0.0,30.0,0,203.22,16.0,0.0,0,204.29,18.0,42.0,0,202.09,0.0,46.0,0.0,0.0,0.0,0.0,0,170.63,21.0,41.2,0,75.0,24.0,37.0,0.0,144.67,23.33,34.33,0,209.89,0.0,57.0,0,176.75,15.11,43.0,4.5,191.23,15.79,39.0,0.0,150.55,0.0,42.55,0,215.09,17.09,39.33,0,183.71,15.5,40.44,0.0,186.88,14.09,40.62,4.0,184.06,14.5,51.17,0.0,195.86,18.0,43.2,0.0,151.38,20.0,51.0,0.0,183.17,17.76,43.27,0,247.0,20.33,51.8,0.0,181.76,17.92,46.38,0,241.3,15.86,47.0,0.0,173.24,17.0,38.67,0.0,241.88,17.8,40.5,0.0,13,1,0,0,13,1,1,0,4,0,2,0,2,0,3,0,5,2,3,0,11,1,0,0,6,0,1,0,9,3,0,0,7,1,1,0,11,0,2,0,0,0,0,0,19,4,10,0,5,1,4,0,3,3,3,0,9,0,1,0,44,9,14,2,43,14,11,0,31,0,11,0,23,11,9,0,31,2,9,0,52,23,13,1,49,6,6,0,69,2,5,0,13,1,2,0,132,17,22,0,25,3,5,0,85,12,16,0,20,7,6,0,25,4,3,0,26,5,6,0
TAYLOR,104.12,21.17,44.29,0.0,111.95,25.0,46.6,0,114.28,21.0,43.5,0,125.25,16.75,43.57,0.0,117.0,22.33,43.1,0.0,116.36,21.0,44.3,0.0,97.88,17.33,50.12,0,129.24,20.43,43.57,0,93.88,21.0,41.17,0,92.32,18.17,45.04,0.0,156.84,20.4,43.96,0,126.54,16.6,45.76,0,110.55,18.17,46.77,0.0,178.75,23.6,42.71,0,148.05,20.07,47.93,0,107.0,19.7,40.88,0.0,134.73,15.67,47.5,0.0,113.34,18.79,44.67,0,138.39,22.5,47.33,0,172.06,18.75,45.12,0.0,116.66,20.0,46.8,0.0,126.57,20.5,44.67,0.0,133.66,21.0,48.87,0.0,118.35,19.5,48.93,0.0,132.03,18.0,43.42,0,116.71,0.0,47.11,0.0,144.14,20.8,43.22,0,110.78,20.83,43.0,0.0,115.14,21.6,42.45,0.0,85.6,22.5,44.0,0.0,42,6,38,0,21,1,10,0,32,1,6,0,20,4,14,0,32,3,21,0,28,1,10,0,8,6,8,0,17,7,14,0,8,1,6,0,19,6,23,0,32,10,24,0,48,10,29,0,20,6,26,0,16,5,17,0,37,15,15,0,54,10,25,0,11,3,4,0,29,14,27,0,44,4,15,0,17,4,16,0,32,2,15,0,47,6,21,0,32,2,15,0,23,2,15,0,29,1,19,0,7,0,9,0,14,5,18,0,9,6,15,0,7,5,11,0,5,2,12,0
TODD,110.05,27.0,43.67,0.0,102.85,20.25,45.56,0,103.54,16.75,45.53,0,95.5,25.0,45.3,0.0,98.69,18.67,44.79,0.0,102.2,20.5,47.0,0.0,109.19,20.0,43.67,0,125.95,20.67,45.18,0,136.55,21.4,42.6,0,119.37,22.33,45.05,0.0,119.19,20.0,41.35,0,178.75,0.0,40.33,0,112.28,0.0,47.75,4.0,86.0,21.33,45.0,0,178.26,17.5,40.11,4,158.7,17.0,43.1,0.0,116.43,17.5,44.56,0.0,135.55,21.0,44.36,0,158.35,20.25,43.0,0,110.8,0.0,53.0,0.0,214.64,25.5,41.8,0.0,148.14,17.62,38.8,5.0,160.86,25.5,45.11,0.0,168.25,25.0,46.25,0.0,137.0,25.5,44.2,0,280.4,11.33,39.25,0.0,226.4,20.33,38.3,0,141.75,0.0,47.33,0.0,185.5,26.0,43.5,0.0,141.43,21.0,44.5,0.0,38,1,18,0,27,4,25,0,13,4,15,0,16,3,10,0,54,3,29,0,40,2,17,0,27,1,12,0,184,3,67,0,92,5,47,0,54,3,20,0,27,1,17,0,4,0,3,0,18,0,4,1,13,3,18,0,27,4,9,1,10,3,10,0,42,2,36,0,22,3,14,0,23,4,11,0,5,0,1,0,14,2,5,0,21,8,10,1,22,2,9,0,12,1,4,0,13,6,10,0,10,3,8,0,5,3,10,0,8,0,9,0,4,1,4,0,7,2,4,0
TRIGG,89.33,19.75,45.24,0.0,97.87,20.25,44.33,0,90.46,23.67,40.17,0,95.94,21.25,40.6,0.0,97.12,22.0,43.0,0.0,113.5,22.0,57.25,0.0,147.25,11.0,45.0,0,142.2,19.33,37.33,5,112.0,20.0,44.0,0,135.81,0.0,45.5,0.0,105.67,22.0,40.57,0,138.0,0.0,51.0,0,102.2,0.0,45.0,0.0,76.0,22.0,45.0,0,65.0,23.0,32.0,0,114.17,21.0,48.62,0.0,157.67,16.5,49.0,0.0,134.33,24.0,55.25,0,113.29,19.0,38.5,0,222.44,13.83,43.78,0.0,115.39,14.0,47.86,0.0,86.33,20.0,57.5,0.0,99.48,16.09,44.42,0.0,134.22,18.71,42.25,3.0,113.94,16.89,42.04,2,173.91,18.8,39.41,2.0,118.7,21.55,39.27,0,97.87,19.59,41.72,0.0,96.69,21.4,40.75,3.5,128.45,20.38,45.86,0.0,30,4,29,0,15,4,18,0,13,3,24,0,18,4,15,0,8,3,6,0,4,3,4,0,4,1,1,0,5,3,9,1,3,5,2,0,26,0,14,0,6,1,7,0,2,0,8,0,5,0,2,0,1,1,3,0,1,1,2,0,6,5,8,0,3,4,2,0,3,1,4,0,14,1,4,0,16,6,9,0,18,3,7,0,3,1,2,0,23,32,36,0,110,52,95,1,47,28,52,1,74,40,39,2,57,44,62,0,52,22,47,0,52,20,36,2,101,13,69,0
TRIMBLE,94.0,18.0,41.5,0.0,86.0,20.5,50.0,0,87.5,0.0,45.0,0,94.25,0.0,51.0,0.0,86.4,27.0,37.71,0.0,202.0,0.0,40.0,0.0,169.5,23.0,38.0,0,72.0,0.0,41.25,0,89.0,15.0,0.0,0,206.0,0.0,0.0,0.0,0.0,0.0,0.0,0,264.67,0.0,0.0,0,129.33,0.0,60.0,0.0,130.0,14.0,52.0,0,124.78,21.0,60.0,0,121.17,13.0,46.67,0.0,156.4,10.0,50.5,0.0,86.0,13.17,37.86,0,124.25,0.0,0.0,0,83.56,19.5,42.36,4.0,104.7,17.86,45.08,0.0,267.22,17.23,44.79,0.0,233.32,16.81,43.78,5.0,112.6,14.25,40.0,4.0,93.0,19.43,39.83,0,130.55,14.08,42.64,0.0,91.2,15.67,41.4,5,159.75,16.33,48.67,0.0,99.8,0.0,51.5,0.0,211.6,0.0,41.75,0.0,1,1,2,0,4,2,2,0,2,0,3,0,4,0,2,0,5,1,7,0,1,0,1,0,2,1,2,0,1,0,4,0,2,1,0,0,3,0,0,0,0,0,0,0,3,0,0,0,3,0,1,0,7,3,2,0,9,2,1,0,6,5,3,0,5,1,2,0,7,6,7,0,4,0,0,0,9,6,11,1,20,7,13,0,32,13,14,0,22,21,18,1,5,4,3,2,6,7,6,0,20,12,14,0,5,6,10,1,12,9,6,0,5,0,4,0,10,0,4,0
UNION,89.33,0.0,54.0,0.0,104.5,0.0,47.83,0,92.0,0.0,42.75,0,88.12,0.0,46.14,0.0,96.46,19.3,45.33,0.0,98.59,24.0,46.8,0.0,104.0,17.0,43.6,0,98.86,22.29,42.63,0,103.4,19.38,41.42,0,106.9,19.8,44.42,0.0,108.04,19.83,44.7,0,112.36,19.95,43.64,0,101.71,21.67,46.46,0.0,101.31,20.2,45.21,3,98.53,21.02,43.34,4,96.78,20.71,41.92,0.0,90.14,21.43,41.33,0.0,113.26,22.52,42.93,0,87.27,20.82,42.62,0,102.41,22.41,44.79,0.0,153.67,18.29,40.96,0.0,127.37,22.0,43.23,0.0,171.04,20.09,43.86,0.0,78.57,18.33,44.09,0.0,103.36,23.57,39.11,0,156.75,19.85,44.77,0.0,97.91,19.39,42.58,0,94.88,16.75,44.26,0.0,120.8,20.5,36.0,0.0,108.86,22.33,44.86,0.0,6,0,2,0,8,0,6,0,6,0,4,0,17,0,7,0,13,10,21,0,29,1,10,0,8,1,5,0,87,17,52,0,50,21,33,0,29,10,24,0,107,36,82,0,250,77,167,0,91,6,61,0,97,30,97,1,132,57,155,3,131,72,178,0,44,21,83,0,120,33,150,0,33,11,32,0,87,32,92,0,30,14,49,0,19,16,31,0,104,35,84,0,7,6,22,0,11,7,9,0,4,13,13,0,35,49,88,0,16,8,19,0,5,4,6,0,7,3,14,0
WARREN,98.57,20.93,39.0,5.0,116.0,17.67,44.78,0,105.29,17.6,49.0,0,89.5,22.0,44.5,0.0,83.1,18.0,44.2,0.0,80.25,0.0,35.75,0.0,102.67,25.0,41.38,0,69.5,22.0,42.5,0,121.33,15.0,43.0,0,0.0,18.0,49.33,0.0,145.0,17.83,45.43,0,116.25,23.0,44.33,0,111.67,0.0,40.56,0.0,76.0,0.0,46.88,0,79.14,0.0,49.5,0,76.5,0.0,50.22,0.0,105.75,0.0,38.33,0.0,140.5,17.0,54.71,0,120.33,0.0,49.5,0,65.0,13.5,45.44,0.0,134.5,17.33,45.38,0.0,110.67,19.0,43.25,0.0,87.25,25.0,48.43,0.0,66.0,18.0,45.8,5.0,82.6,10.4,44.67,0,145.67,19.4,39.25,0.0,95.25,17.67,35.0,0,161.38,18.4,36.83,0.0,87.83,21.0,37.0,0.0,140.25,14.58,38.55,0.0,28,15,26,1,25,3,9,0,7,5,8,0,2,1,4,0,10,2,5,0,4,0,4,0,3,1,8,0,6,3,2,0,3,1,5,0,0,4,6,0,8,6,7,0,4,1,3,0,3,0,9,0,2,0,8,0,7,0,6,0,4,0,9,0,4,0,6,0,2,1,7,0,6,0,8,0,1,2,9,0,4,3,8,0,3,4,8,0,4,1,7,0,2,3,5,1,5,5,12,0,3,5,4,0,8,3,2,0,8,5,6,0,6,3,5,0,4,12,11,0
WASHINGTON,144.58,10.0,43.75,0.0,158.67,25.0,53.5,0,143.1,0.0,48.83,0,154.71,0.0,0.0,0.0,161.25,0.0,0.0,0.0,157.8,22.0,46.0,0.0,138.92,16.5,39.67,5,157.0,0.0,0.0,0,193.77,0.0,0.0,0,177.4,0.0,0.0,0.0,218.25,0.0,0.0,0,170.4,0.0,0.0,0,73.0,24.0,43.0,0.0,137.75,0.0,0.0,0,108.22,0.0,46.5,0,178.88,18.33,39.29,0.0,126.43,27.0,39.6,0.0,172.75,0.0,48.33,0,82.0,0.0,0.0,0,189.2,0.0,45.0,0.0,172.21,15.0,50.25,0.0,166.0,19.0,33.57,0.0,144.0,16.0,47.67,0.0,134.61,20.0,51.5,0.0,160.12,18.5,47.11,0,123.81,23.0,46.86,0.0,171.33,19.67,57.0,0,105.0,0.0,40.0,0.0,122.5,0.0,0.0,0.0,109.75,0.0,57.0,0.0,19,1,4,0,9,1,2,0,29,0,6,0,7,0,0,0,4,0,0,0,10,1,2,0,13,2,3,1,2,0,0,0,13,0,0,0,5,0,0,0,8,0,0,0,15,0,0,0,1,1,2,0,4,0,0,0,9,0,8,0,16,3,7,0,7,1,5,0,4,0,3,0,1,0,0,0,10,0,1,0,24,2,8,0,22,2,7,0,11,2,6,0,23,3,6,0,43,2,9,0,16,1,7,0,6,3,2,0,7,0,1,0,2,0,0,0,4,0,1,0
WAYNE,170.13,22.86,43.92,0.0,143.33,14.5,39.62,0,122.75,17.92,39.68,0,139.76,18.14,42.86,0.0,124.1,13.0,43.21,0.0,127.08,22.29,42.74,0.0,105.71,18.5,37.11,0,104.83,18.9,41.36,0,131.64,18.14,46.46,0,131.33,21.6,44.39,0.0,120.73,20.69,42.64,0,125.58,18.0,44.87,0,97.7,20.67,43.42,0.0,117.42,19.93,40.41,0,95.48,19.9,44.0,0,123.13,15.86,43.79,0.0,98.98,18.39,40.38,0.0,121.45,19.0,47.4,0,140.3,19.44,43.05,0,130.4,19.06,42.08,4.5,196.85,24.5,41.82,0.0,127.33,23.0,45.12,0.0,153.43,19.31,44.33,0.0,160.91,22.17,44.04,0.0,155.53,19.91,41.52,0,154.86,20.08,44.21,0.0,140.01,23.0,42.76,0,117.05,20.33,45.03,5.0,118.95,19.8,44.94,0.0,156.76,22.0,43.56,0.0,38,7,24,0,21,10,8,0,16,12,22,0,25,14,21,0,29,1,14,0,60,14,31,0,24,2,9,0,30,10,22,0,44,7,26,0,36,5,18,0,33,13,33,0,31,1,23,0,20,12,26,0,36,15,29,0,25,21,30,0,31,7,14,0,43,18,21,0,38,8,10,0,53,16,40,0,67,18,38,2,40,2,22,0,46,1,16,0,126,16,79,0,56,6,23,0,81,11,33,0,81,12,47,0,111,16,70,0,37,15,29,1,19,5,18,0,50,8,27,0
WEBSTER,102.89,23.0,45.39,0.0,97.11,20.9,43.33,0,122.0,18.14,44.0,0,103.47,0.0,44.54,0.0,111.33,20.25,42.83,0.0,99.89,17.75,47.76,0.0,98.59,19.0,48.5,4,90.18,18.0,43.43,0,107.36,20.0,48.2,0,110.5,15.08,45.51,0.0,124.67,17.0,46.12,4,127.18,24.75,43.17,0,115.0,17.6,39.88,0.0,69.17,18.67,52.33,0,80.57,21.0,42.72,0,101.14,22.5,43.12,0.0,87.57,18.0,45.5,0.0,107.93,19.5,47.11,0,95.33,18.0,41.62,0,92.57,18.86,48.67,0.0,114.57,18.6,44.19,0.0,96.5,17.43,41.39,0.0,106.17,14.4,47.82,0.0,97.14,17.17,40.0,0.0,103.93,17.0,50.0,0,102.62,19.25,37.77,0.0,88.8,21.88,47.83,0,156.5,20.0,43.67,0.0,107.0,0.0,50.0,0.0,87.33,0.0,45.62,0.0,19,3,18,0,53,10,39,0,30,7,21,0,15,0,26,0,30,4,29,0,61,8,37,0,17,2,10,1,17,6,21,0,47,2,15,0,40,25,37,0,49,1,26,1,22,4,6,0,19,5,16,0,6,3,6,0,7,4,25,0,21,6,25,0,7,6,8,0,14,6,18,0,3,7,8,0,14,14,15,0,46,10,26,0,10,14,18,0,18,5,11,0,7,6,11,0,14,1,8,0,16,4,13,0,20,8,23,0,6,2,3,0,4,0,4,0,12,0,13,0
WHITLEY,0.0,19.0,0.0,0.0,0.0,14.5,0.0,0,622.0,11.5,31.0,0,0.0,9.0,0.0,0.0,0.0,10.0,0.0,0.0,0.0,0.0,44.0,0.0,0.0,0.0,32.0,0,0.0,0.0,0.0,0,0.0,0.0,0.0,0,0.0,0.0,0.0,0.0,0.0,0.0,0.0,0,0.0,0.0,0.0,0,503.0,13.0,0.0,0.0,0.0,0.0,0.0,0,0.0,0.0,0.0,0,0.0,0.0,0.0,0.0,133.0,0.0,0.0,0.0,85.0,0.0,39.0,0,119.2,21.0,42.33,0,98.38,23.75,30.0,0.0,95.0,0.0,0.0,0.0,0.0,0.0,0.0,0.0,84.67,23.67,43.0,0.0,0.0,0.0,42.0,0.0,96.0,15.0,0.0,0,126.0,15.8,40.0,0.0,0.0,0.0,46.5,0,0.0,10.0,0.0,0.0,0.0,0.0,0.0,0.0,0.0,0.0,0.0,0.0,0,1,0,0,0,2,0,0,1,2,1,0,0,1,0,0,0,1,0,0,0,0,1,0,0,0,1,0,0,0,0,0,0,0,0,0,0,0,0,0,0,0,0,0,0,0,0,0,1,2,0,0,0,0,0,0,0,0,0,0,0,0,0,0,1,0,0,0,1,0,1,0,5,3,6,0,8,4,1,0,1,0,0,0,0,0,0,0,6,3,3,0,0,0,2,0,1,5,0,0,4,5,5,0,0,0,2,0,0,1,0,0,0,0,0,0,0,0,0,0
WOLFE,212.0,0.0,0.0,0.0,0.0,0.0,0.0,0,0.0,0.0,0.0,0,0.0,0.0,0.0,0.0,0.0,0.0,0.0,0.0,0.0,0.0,0.0,0.0,0.0,0.0,0.0,0,0.0,0.0,0.0,0,0.0,0.0,0.0,0,0.0,0.0,0.0,0.0,0.0,0.0,0.0,0,0.0,0.0,0.0,0,189.0,0.0,0.0,0.0,0.0,0.0,0.0,0,0.0,0.0,0.0,0,0.0,0.0,0.0,0.0,0.0,0.0,0.0,0.0,72.0,15.0,0.0,0,0.0,0.0,0.0,0,0.0,0.0,0.0,0.0,0.0,0.0,0.0,0.0,0.0,0.0,0.0,0.0,0.0,0.0,0.0,0.0,0.0,0.0,0.0,0.0,0.0,0.0,0.0,0,0.0,0.0,0.0,0.0,0.0,0.0,0.0,0,0.0,0.0,0.0,0.0,0.0,0.0,0.0,0.0,0.0,0.0,0.0,0.0,1,0,0,0,0,0,0,0,0,0,0,0,0,0,0,0,0,0,0,0,0,0,0,0,0,0,0,0,0,0,0,0,0,0,0,0,0,0,0,0,0,0,0,0,0,0,0,0,1,0,0,0,0,0,0,0,0,0,0,0,0,0,0,0,0,0,0,0,1,1,0,0,0,0,0,0,0,0,0,0,0,0,0,0,0,0,0,0,0,0,0,0,0,0,0,0,0,0,0,0,0,0,0,0,0,0,0,0,0,0,0,0,0,0,0,0,0,0,0,0
WOODFORD,267.2,0.0,0.0,0.0,285.82,0.0,54.0,0,214.5,0.0,0.0,0,280.75,0.0,0.0,0.0,305.7,0.0,55.0,0.0,263.78,0.0,0.0,0.0,266.3,0.0,52.67,0,281.81,17.0,49.33,0,304.08,26.0,54.0,0,230.44,0.0,51.33,0.0,231.35,0.0,48.33,0,340.0,0.0,42.67,0,239.61,0.0,49.0,0.0,300.75,0.0,40.0,0,309.17,23.5,45.0,0,338.14,0.0,0.0,0.0,225.08,0.0,0.0,0.0,338.63,0.0,0.0,0,321.67,0.0,0.0,0,255.87,0.0,51.38,0.0,382.15,22.5,44.83,0.0,235.13,0.0,41.22,0.0,326.85,23.0,44.33,0.0,363.29,0.0,44.25,0.0,324.96,23.0,42.89,0,277.15,0.0,41.38,0.0,325.91,0.0,53.0,0,315.62,0.0,40.69,0.0,377.03,21.0,41.22,0.0,378.51,17.0,39.89,0.0,5,0,0,0,11,0,1,0,2,0,0,0,4,0,0,0,23,0,1,0,32,0,0,0,50,0,3,0,31,2,3,0,25,1,3,0,34,0,3,0,17,0,3,0,6,0,6,0,18,0,1,0,8,0,3,0,36,2,6,0,21,0,0,0,13,0,0,0,19,0,0,0,18,0,0,0,55,0,8,0,39,2,6,0,70,0,9,0,136,2,9,0,45,0,4,0,113,2,18,0,79,0,13,0,65,0,2,0,73,0,13,0,78,1,9,0,39,2,9,0
